trial1,,
Wavelength (nm),Abs,
799.9968262,0.001668627025,
798.9871826,0.002595613012,
798.0119019,0.002848103177,
797.0014038,0.003123736009,
795.9905396,0.002002384514,
795.0140991,0.002312091645,
794.0025024,0.002041498665,
792.9903564,0.001784226391,
792.0128784,0.002068001544,
790.999939,0.002223462332,
789.9866333,0.001913818531,
789.0079956,0.001954250969,
787.9938965,0.001873338013,
787.0144653,0.001748384209,
785.9996338,0.001410173019,
784.984375,0.001791218412,
784.0037842,0.001722732442,
782.9877319,0.00123732409,
782.0064087,0.001273227972,
780.989563,0.001614684239,
780.0075684,0.0009074221598,
778.9899292,0.001361949136,
778.0071411,0.00158867659,
776.9887695,0.0009346861043,
776.005188,0.001444325084,
774.9860229,0.001266763546,
774.001709,0.000901118794,
773.0169678,0.001503753592,
771.9967041,0.001565476297,
771.0112305,0.001500168932,
769.9902344,0.0009617441683,
769.0039673,0.001982308691,
768.0174561,0.002195571084,
766.9953003,0.002583295805,
766.0079346,0.002614259021,
764.9850464,0.003170069773,
763.9970093,0.003132913727,
763.008667,0.003544624895,
761.9845581,0.00269452855,
760.9954224,0.002934305929,
760.0059814,0.002737716772,
759.0161133,0.00213742652,
757.9904785,0.002110997448,
757,0.001615541638,
756.0089722,0.0009025973268,
754.9822998,0.0006646128022,
753.9906616,0.0004234678636,
752.9986572,0.0004392999108,
752.0062866,5.796255209E-005,
751.0135498,-0.0001107778153,
749.9849854,-0.0003784949658,
748.9915771,-0.0003565105144,
747.9978027,-0.0006754606147,
747.0036621,-0.00112664781,
746.0090942,-0.001598928473,
745.0142822,-0.002074921271,
743.9835205,-0.002599697094,
742.987915,-0.003665369935,
741.9920654,-0.004384772852,
740.9957886,-0.0054455176,
739.9992065,-0.005885649938,
739.0021973,-0.006860904396,
738.0048828,-0.007429302204,
737.0072021,-0.008254625835,
736.0091553,-0.009003239684,
735.0108032,-0.009710165672,
734.012085,-0.009995913133,
733.0130615,-0.01079577487,
732.0136719,-0.01100358646,
731.013916,-0.01170857716,
730.0137939,-0.01192360837,
729.0133057,-0.01252707373,
728.0125732,-0.01296772901,
727.0114746,-0.01325616241,
726.0100098,-0.01327494252,
725.0081787,-0.01353732869,
724.0060425,-0.01371794939,
723.00354,-0.01360376552,
722.0007935,-0.0138241807,
720.9975586,-0.01346209738,
719.9940186,-0.01338027697,
718.9901733,-0.01295099501,
717.9859009,-0.01229855139,
717.017334,-0.01243385766,
716.0124512,-0.01191907562,
715.0072632,-0.01140151359,
714.00177,-0.01070612576,
712.9958496,-0.01002404187,
711.989624,-0.009482739493,
710.9831543,-0.00839861203,
710.012207,-0.008188330568,
709.0049438,-0.007138906978,
707.9973755,-0.006556258071,
706.989563,-0.00566781126,
706.017395,-0.00489427615,
705.0088501,-0.004312809091,
704,-0.003215631936,
702.9907837,-0.002407903783,
702.017334,-0.001553327893,
701.0074463,-0.0005632756511,
699.9973145,0.0002029416355,
698.9868164,0.0004675191594,
698.012085,0.001255262643,
697.0009155,0.002445902443,
695.9894409,0.002898968058,
695.0137939,0.00359643274,
694.0016479,0.004603776149,
692.9891968,0.005212858319,
692.0125732,0.005916885566,
690.9995117,0.006402879488,
689.986084,0.007352121174,
689.0085449,0.007411520928,
687.9944458,0.007720552385,
687.0162964,0.008393980563,
686.0015869,0.008849308826,
684.9865723,0.009268513881,
684.0074463,0.009877822362,
682.9918823,0.01051050145,
682.012146,0.01071090717,
680.9958496,0.01137987711,
680.015625,0.01146741863,
678.9985962,0.01154872961,
678.0177612,0.01221609116,
677.0001221,0.01276799385,
675.9822998,0.0130153466,
675.0004883,0.01332219969,
673.9819946,0.01399167906,
672.9995728,0.01429331116,
672.0168457,0.01483910251,
670.9974365,0.01482426282,
670.0140991,0.01553579513,
668.9940796,0.01528512593,
668.0101318,0.01536366902,
666.9894409,0.01524402294,
666.0049438,0.01512231957,
664.9836426,0.01493572909,
663.9985962,0.01467421371,
663.0131836,0.0147688752,
661.9909058,0.01477685664,
661.0050049,0.01511299238,
659.9821777,0.01505662967,
658.9955444,0.01504993066,
658.008728,0.0149152074,
656.9849854,0.01527029835,
655.9974976,0.01522034965,
655.0097656,0.01542082243,
653.9851074,0.01559914276,
652.9967651,0.01575225033,
652.0081787,0.01594848372,
650.982605,0.0159491282,
649.9934082,0.0159655083,
649.0039673,0.01620797254,
648.0141602,0.01617524587,
646.9874268,0.01612379588,
645.9971313,0.01639908925,
645.0064697,0.01674000733,
644.015564,0.01655411907,
642.9876099,0.01664249413,
641.9960938,0.0167559348,
641.0043945,0.01692261174,
640.0123291,0.01708019711,
638.9831543,0.01723549701,
637.9906006,0.01730485819,
636.9976196,0.01758799143,
636.0044556,0.01769423671,
635.0110474,0.01793596707,
634.0172729,0.01786612906,
632.9864502,0.01807789132,
631.9921265,0.01834052056,
630.9975586,0.0184125416,
630.0026245,0.0185551364,
629.0075073,0.01889602095,
628.012085,0.01936117373,
627.0163574,0.01919277385,
625.9835205,0.01968405768,
624.9873047,0.02014040202,
623.9907227,0.02087132446,
622.9939575,0.02150497586,
621.9968872,0.02214603685,
620.9995117,0.02284091711,
620.0018921,0.02355899289,
619.0040283,0.02460849099,
618.0058594,0.02594781853,
617.0073853,0.02737106942,
616.008728,0.02899228036,
615.0097656,0.03106319532,
614.010498,0.03306220844,
613.0109863,0.03574343026,
612.0112305,0.03869852424,
611.0111084,0.04237427562,
610.0108032,0.04611856118,
609.0101929,0.05059853941,
608.0093384,0.05610248074,
607.0082397,0.0620130375,
606.0068359,0.06848734617,
605.005188,0.07565426081,
604.0032959,0.08448734879,
603.0010986,0.09423212707,
601.9985962,0.1056680009,
600.9959106,0.1171344891,
599.9929199,0.1300107986,
598.989624,0.1456819475,
597.9862061,0.162873745,
596.9824219,0.1798785031,
596.015625,0.1976589411,
595.0112305,0.2177528441,
594.0067139,0.2376248837,
593.0019531,0.2598381639,
591.9969482,0.2840047777,
590.9915771,0.3083321452,
589.9859619,0.3336093426,
589.017395,0.357323885,
588.0112915,0.3809227645,
587.0048828,0.4055161774,
585.9983521,0.4310594797,
584.9914551,0.4572155774,
583.984375,0.4827262461,
583.0143433,0.5051510334,
582.0066528,0.5265005231,
580.9987793,0.5484593511,
579.9907227,0.5704398751,
578.9822388,0.5906075239,
578.0109863,0.6101770997,
577.0021362,0.62722224,
575.992981,0.6437052488,
574.9835815,0.6588414907,
574.0114136,0.6729664207,
573.0014648,0.6862173676,
571.991333,0.698841989,
571.0183105,0.7096319199,
570.0077515,0.7188032269,
568.9967651,0.7276232243,
567.9857178,0.7360250354,
567.0117798,0.7430434227,
566.0001831,0.7488356233,
564.9882813,0.7545152307,
564.0136719,0.7594934106,
563.0013428,0.7632117271,
561.9887695,0.766692996,
561.0134277,0.7697885036,
560.0003052,0.7724824548,
558.9869385,0.7750764489,
558.0109253,0.7767235637,
556.9971313,0.778653264,
555.9830933,0.7791643143,
555.0063477,0.7808232903,
553.9918213,0.7822570205,
553.0146484,0.7821045518,
551.9995728,0.7836748958,
550.984375,0.7845918536,
550.0064697,0.7854372859,
548.9907837,0.7863450646,
548.0124512,0.7877888083,
546.9962158,0.7881268263,
546.017395,0.7897606492,
545.0007324,0.7905014157,
543.9838867,0.7918936014,
543.0043945,0.7929091454,
541.9870605,0.7944403291,
541.0071411,0.795219779,
539.9892578,0.7975681424,
539.0089111,0.7987613678,
537.9905396,0.8006060719,
537.0097656,0.801938951,
535.9909058,0.8043116927,
535.0097046,0.8062457442,
533.9904785,0.8078076243,
533.008728,0.8094257712,
531.9890747,0.8126055002,
531.006958,0.815387249,
529.9867554,0.8186328411,
529.0042114,0.8207468987,
527.9835205,0.8237408996,
527.0005493,0.828071475,
526.017334,0.8314180374,
524.9959717,0.8357646465,
524.0123291,0.8406276107,
522.9906006,0.845724225,
522.0065308,0.8505933285,
520.984314,0.8572801352,
519.9998169,0.8643150926,
519.0150146,0.870873034,
517.9921265,0.8783778548,
517.006958,0.8861205578,
515.9836426,0.895154357,
514.9980469,0.9045180082,
514.0122681,0.9152262807,
512.9882813,0.9282733798,
512.0020752,0.9404807091,
511.015625,0.9532697201,
509.9909363,0.9669207335,
509.0040894,0.9818643332,
508.0169983,0.9971295595,
506.9917297,1.010788202,
506.0042419,1.022292256,
505.0164795,1.031168938,
503.9906006,1.041743636,
503.0025024,1.050708652,
502.0140991,1.059664845,
500.9876099,1.067367554,
499.9988708,1.074403644,
499.0098267,1.082807302,
497.982666,1.091157079,
496.9932556,1.100001454,
496.0036621,1.110825419,
495.013916,1.118687868,
493.9858704,1.128753901,
492.9956665,1.139537215,
492.0053406,1.148284316,
491.0147095,1.159821153,
489.9858398,1.171127796,
488.9948425,1.182296991,
488.0036316,1.193067193,
487.0122681,1.204629064,
485.9824829,1.219637871,
484.9906921,1.232107162,
483.9986877,1.241808534,
483.0065613,1.255712032,
482.0141296,1.269381762,
480.983429,1.283098221,
479.9906616,1.296476007,
478.9976501,1.306527376,
478.0044861,1.317700744,
477.0111389,1.329474449,
476.0175476,1.338610768,
474.9855652,1.352123857,
473.9916382,1.360954881,
472.997467,1.369942069,
472.0031433,1.378388882,
471.0086365,1.387566686,
470.0138245,1.39732039,
469.0189514,1.407867551,
467.9855957,1.41944313,
466.9902344,1.429309845,
465.994751,1.442674041,
464.9990845,1.455365777,
464.0032043,1.475965381,
463.0071411,1.497955322,
462.0108643,1.527073622,
461.0144653,1.557967901,
460.0178223,1.597039819,
458.9826965,1.639627337,
457.9856873,1.676385403,
456.9884644,1.694383264,
455.9910889,1.705294609,
454.9935303,1.70861578,
453.9957581,1.706266046,
452.9978333,1.701046228,
451.9997253,1.692944527,
451.0014343,1.686919928,
450.0029297,1.686472535,
449.0042419,1.686527133,
448.0054016,1.685446501,
447.0063477,1.689715981,
446.0071716,1.69426775,
445.0077515,1.700408101,
444.0081482,1.708732724,
443.0083923,1.718183279,
442.0084839,1.729567647,
441.0083923,1.744576097,
440.0080566,1.759591818,
439.0075684,1.774848104,
438.0069275,1.796853423,
437.006073,1.814726949,
436.0050659,1.829493403,
435.0038757,1.851613998,
434.002533,1.873361349,
433.0009766,1.879616141,
431.9992371,1.896055818,
430.997406,1.908444166,
429.9952698,1.91887033,
428.993042,1.928925514,
427.9906006,1.933649182,
426.9880371,1.942667484,
425.9852295,1.945876956,
424.9823303,1.952847958,
424.0177917,1.959779143,
423.0144958,1.96750164,
422.0111084,1.968281627,
421.0074158,1.980482936,
420.0036316,1.986539483,
418.9996948,1.991434097,
417.9955139,2.001758099,
416.9912109,2.005651474,
415.9867554,2.022380829,
414.9821472,2.026595354,
414.0159607,2.042990685,
413.0109253,2.046928167,
412.0058289,2.059051752,
411.0004883,2.078880072,
409.9949951,2.091789961,
408.9893799,2.099104166,
407.983551,2.111299038,
407.0162659,2.120373726,
406.0101624,2.141710758,
405.0038452,2.159654617,
403.997406,2.173804045,
402.9907227,2.184734821,
401.9839478,2.208652735,
401.0157471,2.223899364,
400.008606,2.229198217,
399.0013428,2.24608922,
397.9938965,2.277995348,
396.9862671,2.288774729,
396.0172729,2.306076765,
395.0093689,2.317334175,
394.0012817,2.339105368,
392.993042,2.356711149,
391.9846497,2.361810684,
391.0148926,2.389441729,
390.0061951,2.402702093,
388.9972839,2.422333479,
387.9882202,2.440605879,
387.0178833,2.45236969,
386.0085754,2.48770237,
384.999054,2.487340927,
383.9894104,2.499219656,
383.0184631,2.539718866,
382.0084839,2.533627033,
380.9983521,2.583126545,
379.9880676,2.594398022,
379.0165405,2.617484093,
378.0059509,2.593788862,
376.9952393,2.659085751,
375.984375,2.65093112,
375.012207,2.677668095,
374.0010376,2.710310459,
372.9896851,2.708162308,
372.0171204,2.701836348,
371.0055237,2.756243944,
369.9937134,2.769631624,
368.9818115,2.803989172,
368.0086365,2.828005552,
366.9964294,2.859484196,
365.9840393,2.909933567,
365.0104675,2.919373751,
363.9978333,2.859689713,
362.9850159,2.922552824,
362.0109863,2.986767054,
360.9979248,2.978568077,
359.9846497,3.001639128,
359.0102539,3.078264952,
357.9967346,3.042969227,
356.9830322,3.06706357,
356.0081787,3.082927942,
354.9942322,3.188793659,
354.019165,3.111832142,
353.0048828,3.18462944,
351.9904785,3.177068233,
351.0149536,3.096489191,
350.0003052,3.216283321,
348.9855042,3.223959923,
348.0095825,3.492276192,
346.9945068,3.431838989,
346.0183105,3.413383007,
345.0029297,3.50735116,
343.9874573,3.302240133,
343.0108643,3.432411194,
341.9950562,3.465420246,
341.018219,3.397633553,
340.0021667,3.506030798,
338.9859619,3.530995131,
338.008728,3.540584087,
336.9922485,3.502756119,
336.01474,3.479262829,
334.9980469,3.732876539,
333.9811401,3.650463581,
333.0032654,3.722126484,
331.986145,3.790372133,
331.0080261,4.040649891,
329.9906006,3.676416874,
329.012207,3.680198193,
327.9945374,4.102465153,
327.0158997,3.820496798,
325.9979858,3.521914244,
325.0190735,3.931770325,
324.000885,4.484282494,
322.9825745,10,
322.0032959,3.813434839,
320.9847107,3.986687899,
320.005188,4.174869537,
318.9863892,3.758294344,
318.0066223,3.803875208,
316.9875488,4.338362694,
316.0075073,4.255461216,
314.9881897,3.869094849,
314.0079651,3.945439339,
312.9883728,3.861662626,
312.0078735,3.751094818,
310.9880371,3.838819504,
310.0073242,3.931231022,
308.9872437,3.802797318,
308.0062561,4.322417259,
306.9859314,3.78766489,
306.0047302,10,
304.9841614,3.654621124,
304.0027466,3.846163988,
302.9819031,3.737092733,
302.0002441,3.659209251,
301.0184326,3.864366531,
299.9972839,3.918437719,

trial1,
trial1
Collection Time: 2/26/2025 2:04:50 PM
Operator Name  :
Scan Version 5.1.3.1042
Parameter List :
Instrument  Cary 60
Instrument Version  2.00
Start (nm)  800.0
Stop (nm)  300.0
X Mode  Nanometers
Y Mode  Abs
UV-Vis Scan Rate (nm/min)  600.00
UV-Vis Data Interval (nm)  1.00
UV-Vis Ave. Time (sec)  0.1000
Beam Mode  Dual Beam
Baseline Correction  Off
Cycle Mode  Off
Method Log     :
Method Name    :
Date/Time stamp: 2/26/2025 1:30:17 PM
Method Modifications:
UVVIS SAT Changed: 2/26/2025 1:32:06 PM, Old:0.0125, New:0.1000
Common SAT Changed: 2/26/2025 1:32:06 PM, Old:0.0125, New:0.1000
X Stop nm Changed: 2/26/2025 1:32:10 PM, Old:  200.0, New:  300.0
Common Interval nm Changed: 2/26/2025 1:32:10 PM, Old:     5.00, New:     1.00
End Method Modifications
<Current Wavelength> , 303.0

