Size (d.nm) - Sample 1 [Steady state] test1;Intensity (Percent) - Sample 1 [Steady state] test1;Size (d.nm) - Sample 1 [Steady state] test2;Intensity (Percent) - Sample 1 [Steady state] test2;Size (d.nm) - Sample 1 [Steady state] test3;Intensity (Percent) - Sample 1 [Steady state] test3;;Time (µs) - Sample 1 [Steady state] test1;Correlation Coefficient (g₂-1) - Sample 1 [Steady state] test1;Time (µs) - Sample 1 [Steady state] test2;Correlation Coefficient (g₂-1) - Sample 1 [Steady state] test2;Time (µs) - Sample 1 [Steady state] test3;Correlation Coefficient (g₂-1) - Sample 1 [Steady state] test3;;Size (d.nm) - Sample 1 [Steady state] test1;Volume (Percent) - Sample 1 [Steady state] test1;Size (d.nm) - Sample 1 [Steady state] test2;Volume (Percent) - Sample 1 [Steady state] test2;Size (d.nm) - Sample 1 [Steady state] test3;Volume (Percent) - Sample 1 [Steady state] test3;;Size (d.nm) - Sample 1 [Steady state] test1;Number (Percent) - Sample 1 [Steady state] test1;Size (d.nm) - Sample 1 [Steady state] test2;Number (Percent) - Sample 1 [Steady state] test2;Size (d.nm) - Sample 1 [Steady state] test3;Number (Percent) - Sample 1 [Steady state] test3
0,3;0;0,3;0;0,3;0;;0,0875;0,5759;0,0875;0,5331;0,0875;0,2676;;0,3;0;0,3;0;0,3;0;;0,3;0;0,3;0;0,3;0
0,3489;0;0,3489;0;0,3489;0;;0,1;0,5582;0,1;0,5241;0,1;0,2649;;0,3489;0;0,3489;0;0,3489;0;;0,3489;0;0,3489;0;0,3489;0
0,4057;0;0,4057;0;0,4057;0;;0,1125;0,5466;0,1125;0,5179;0,1125;0,2609;;0,4057;0;0,4057;0;0,4057;0;;0,4057;0;0,4057;0;0,4057;0
0,4718;0;0,4718;0;0,4718;0;;0,125;0,5443;0,125;0,5135;0,125;0,2579;;0,4718;0;0,4718;0;0,4718;0;;0,4718;0;0,4718;0;0,4718;0
0,5487;0;0,5487;0;0,5487;0;;0,1375;0,5397;0,1375;0,5095;0,1375;0,2548;;0,5487;0;0,5487;0;0,5487;0;;0,5487;0;0,5487;0;0,5487;0
0,6381;0;0,6381;0;0,6381;0;;0,15;0,5338;0,15;0,5087;0,15;0,254;;0,6381;0;0,6381;0;0,6381;0;;0,6381;0;0,6381;0;0,6381;0
0,742;0;0,742;0;0,742;0;;0,1625;0,5343;0,1625;0,5092;0,1625;0,2527;;0,742;0;0,742;0;0,742;0;;0,742;0;0,742;0;0,742;0
0,8629;0;0,8629;0;0,8629;0;;0,175;0,529;0,175;0,5106;0,175;0,2545;;0,8629;0;0,8629;0;0,8629;0;;0,8629;0;0,8629;0;0,8629;0
1,003;0;1,003;0;1,003;0;;0,1875;0,5274;0,1875;0,5081;0,1875;0,2541;;1,003;0;1,003;0;1,003;0;;1,003;0;1,003;0;1,003;0
1,167;0;1,167;0;1,167;0;;0,2;0,5192;0,2;0,5064;0,2;0,2534;;1,167;0;1,167;0;1,167;0;;1,167;0;1,167;0;1,167;0
1,357;0;1,357;0;1,357;0;;0,2125;0,5193;0,2125;0,5054;0,2125;0,2507;;1,357;0;1,357;0;1,357;0;;1,357;0;1,357;0;1,357;0
1,578;0;1,578;0;1,578;0;;0,225;0,5197;0,225;0,505;0,225;0,2513;;1,578;0;1,578;0;1,578;0;;1,578;0;1,578;0;1,578;0
1,835;0;1,835;0;1,835;0;;0,2375;0,5188;0,2375;0,5029;0,2375;0,2518;;1,835;0;1,835;0;1,835;0;;1,835;0;1,835;0;1,835;0
2,134;0;2,134;0;2,134;0;;0,25;0,5158;0,25;0,5016;0,25;0,253;;2,134;0;2,134;0;2,134;0;;2,134;0;2,134;0;2,134;0
2,482;0;2,482;0;2,482;0;;0,2625;0,5156;0,2625;0,4997;0,2625;0,2523;;2,482;0;2,482;0;2,482;0;;2,482;0;2,482;0;2,482;0
2,886;0;2,886;0;2,886;0;;0,275;0,5162;0,275;0,4984;0,275;0,2512;;2,886;0;2,886;0;2,886;0;;2,886;0;2,886;0;2,886;0
3,357;0;3,357;0;3,357;0;;0,2875;0,517;0,2875;0,4967;0,2875;0,249;;3,357;0;3,357;0;3,357;0;;3,357;0;3,357;0;3,357;0
3,903;0;3,903;0;3,903;0;;0,3;0,5149;0,3;0,4945;0,3;0,2486;;3,903;0;3,903;0;3,903;0;;3,903;0;3,903;0;3,903;0
4,539;0;4,539;0;4,539;0;;0,3125;0,5127;0,3125;0,4962;0,3125;0,2484;;4,539;0;4,539;0;4,539;0;;4,539;0;4,539;0;4,539;0
5,279;0;5,279;0;5,279;0;;0,325;0,5145;0,325;0,4977;0,325;0,2491;;5,279;0;5,279;0;5,279;0;;5,279;0;5,279;0;5,279;0
6,139;0;6,139;0;6,139;0;;0,3375;0,5139;0,3375;0,4997;0,3375;0,2479;;6,139;0;6,139;0;6,139;0;;6,139;0;6,139;0;6,139;0
7,139;0;7,139;0;7,139;0;;0,35;0,5143;0,35;0,4991;0,35;0,2487;;7,139;0;7,139;0;7,139;0;;7,139;0;7,139;0;7,139;0
8,302;0;8,302;0;8,302;0;;0,3625;0,5105;0,3625;0,4977;0,3625;0,249;;8,302;0;8,302;0;8,302;6,54;;8,302;0;8,302;0;8,302;10,51
9,655;0;9,655;0;9,655;4,21;;0,375;0,5096;0,375;0,4981;0,375;0,2489;;9,655;3,6;9,655;4,697;9,655;22,09;;9,655;7,379;9,655;7,983;9,655;30,22
11,23;1,761;11,23;3,223;11,23;9,118;;0,3875;0,5114;0,3875;0,4962;0,3875;0,2487;;11,23;13,84;11,23;19,15;11,23;30,92;;11,23;23,41;11,23;26,51;11,23;33,05
13,06;5,105;13,06;10,52;13,06;10,12;;0,4;0,513;0,4;0,4963;0,4;0,2474;;13,06;23,51;13,06;31,86;13,06;24,28;;13,06;30,18;13,06;34,33;13,06;18,52
15,18;8,024;15,18;12,97;15,18;6,373;;0,425;0,5139;0,425;0,4945;0,425;0,2474;;15,18;24,57;15,18;27,82;15,18;11,84;;15,18;22,11;15,18;22,27;15,18;6,338
17,66;8,842;17,66;7,339;17,66;1,499;;0,45;0,5113;0,45;0,494;0,45;0,2477;;17,66;18,36;17,66;13,19;17,66;3,312;;17,66;11,22;17,66;7,675;17,66;1,253
20,53;7,188;20,53;0,1315;20,53;0;;0,475;0,5105;0,475;0,4951;0,475;0,249;;20,53;10,34;20,53;2,819;20,53;0,3816;;20,53;4,253;20,53;1,222;20,53;0,1002
23,88;4,055;23,88;0;23,88;0;;0,5;0,5092;0,5;0,4956;0,5;0,2488;;23,88;4,304;23,88;0,03143;23,88;0;;23,88;1,198;23,88;0,008733;23,88;0
27,77;1,192;27,77;0;27,77;0;;0,525;0,5094;0,525;0,4954;0,525;0,2469;;27,77;1,19;27,77;0;27,77;0;;27,77;0,2285;27,77;0;27,77;0
32,3;0;32,3;0;32,3;0;;0,55;0,5081;0,55;0,4941;0,55;0,2454;;32,3;0,1623;32,3;0;32,3;0;;32,3;0,02198;32,3;0;32,3;0
37,56;0;37,56;0;37,56;0;;0,575;0,5077;0,575;0,4929;0,575;0,2454;;37,56;0;37,56;0;37,56;0;;37,56;0;37,56;0;37,56;0
43,68;0;43,68;0;43,68;0;;0,6;0,5075;0,6;0,4938;0,6;0,2446;;43,68;0;43,68;0;43,68;0;;43,68;0;43,68;0;43,68;0
50,79;0;50,79;0;50,79;0;;0,625;0,5066;0,625;0,4944;0,625;0,2438;;50,79;0;50,79;0;50,79;0;;50,79;0;50,79;0;50,79;0
59,07;0;59,07;0;59,07;0;;0,65;0,5081;0,65;0,4945;0,65;0,2429;;59,07;0;59,07;0;59,07;0,02733;;59,07;0;59,07;0;59,07;0,0001219
68,69;0;68,69;0;68,69;5,919;;0,675;0,5054;0,675;0,4943;0,675;0,2425;;68,69;0;68,69;0;68,69;0,1065;;68,69;0;68,69;0;68,69;0,0003909
79,88;0;79,88;0;79,88;17,05;;0,7;0,5059;0,7;0,4944;0,7;0,2429;;79,88;0;79,88;0;79,88;0,1781;;79,88;0;79,88;0;79,88;0,0005011
92,89;0;92,89;0;92,89;23;;0,725;0,5034;0,725;0,4932;0,725;0,2431;;92,89;0;92,89;0,0251;92,89;0,1714;;92,89;0;92,89;4,79E-05;92,89;0,0003461
108;0;108;11,7;108;17,35;;0,75;0,5025;0,75;0,4919;0,75;0,2447;;108;0;108;0,09132;108;0,1038;;108;0;108;0,0001457;108;0,0001474
125,6;0;125,6;24,33;125,6;5,364;;0,775;0,503;0,775;0,491;0,775;0,2441;;125,6;0,01222;125,6;0,1447;125,6;0,03753;;125,6;1,14E-05;125,6;0,0001765;125,6;3,79E-05
146,1;5,176;146,1;22,2;146,1;0;;0,8;0,5033;0,8;0,4917;0,8;0,2437;;146,1;0,03119;146,1;0,1186;146,1;0,006148;;146,1;2,67E-05;146,1;0,0001089;146,1;4,48E-06
169,9;13,43;169,9;7,59;169,9;0;;0,85;0,5048;0,85;0,4903;0,85;0,242;;169,9;0,03103;169,9;0,04281;169,9;0;;169,9;2,14E-05;169,9;3,15E-05;169,9;0
197,6;18,81;197,6;0;197,6;0;;0,9;0,5034;0,9;0,4882;0,9;0,242;;197,6;0,02104;197,6;0,002721;197,6;0;;197,6;8,87E-06;197,6;1,34E-06;197,6;0
229,8;16,91;229,8;0;229,8;0;;0,95;0,5021;0,95;0,4878;0,95;0,2417;;229,8;0,01452;229,8;0;229,8;0;;229,8;4,04E-06;229,8;0;229,8;0
267,2;8,698;267,2;0;267,2;0;;1;0,5015;1;0,4863;1;0,2417;;267,2;0,007603;267,2;0;267,2;0;;267,2;1,47E-06;267,2;0;267,2;0
310,7;0,8029;310,7;0;310,7;0;;1,05;0,4999;1,05;0,4861;1,05;0,2418;;310,7;0,002247;310,7;0;310,7;0;;310,7;3,21E-07;310,7;0;310,7;0
361,3;0;361,3;0;361,3;0;;1,1;0,4984;1,1;0,4849;1,1;0,2422;;361,3;0,0001893;361,3;0;361,3;0;;361,3;1,83E-08;361,3;0;361,3;0
420,2;0;420,2;0;420,2;0;;1,15;0,496;1,15;0,4846;1,15;0,2421;;420,2;0;420,2;0;420,2;0;;420,2;0;420,2;0;420,2;0
488,7;0;488,7;0;488,7;0;;1,2;0,4954;1,2;0,4858;1,2;0,2419;;488,7;0;488,7;0;488,7;0;;488,7;0;488,7;0;488,7;0
568,3;0;568,3;0;568,3;0;;1,25;0,4951;1,25;0,4846;1,25;0,2411;;568,3;0;568,3;0;568,3;0;;568,3;0;568,3;0;568,3;0
660,9;0;660,9;0;660,9;0;;1,3;0,4952;1,3;0,4841;1,3;0,2407;;660,9;0;660,9;0;660,9;0;;660,9;0;660,9;0;660,9;0
768,5;0;768,5;0;768,5;0;;1,35;0,4947;1,35;0,4822;1,35;0,2402;;768,5;0;768,5;0;768,5;0;;768,5;0;768,5;0;768,5;0
893,8;0;893,8;0;893,8;0;;1,4;0,4962;1,4;0,4824;1,4;0,2397;;893,8;0;893,8;0;893,8;0;;893,8;0;893,8;0;893,8;0
1039;0;1039;0;1039;0;;1,45;0,4949;1,45;0,4827;1,45;0,2403;;1039;0;1039;0;1039;0;;1039;0;1039;0;1039;0
1209;0;1209;0;1209;0;;1,5;0,4941;1,5;0,4834;1,5;0,2406;;1209;0;1209;0;1209;0;;1209;0;1209;0;1209;0
1406;0;1406;0;1406;0;;1,55;0,4904;1,55;0,4837;1,55;0,241;;1406;0;1406;0;1406;0;;1406;0;1406;0;1406;0
1635;0;1635;0;1635;0;;1,6;0,4909;1,6;0,4832;1,6;0,2403;;1635;0;1635;0;1635;0;;1635;0;1635;0;1635;0
1901;0;1901;0;1901;0;;1,7;0,4888;1,7;0,4801;1,7;0,2397;;1901;0;1901;0;1901;0;;1901;0;1901;0;1901;0
2211;0;2211;0;2211;0;;1,8;0,4891;1,8;0,4783;1,8;0,2389;;2211;0;2211;0;2211;0;;2211;0;2211;0;2211;0
2571;0;2571;0;2571;0;;1,9;0,4876;1,9;0,478;1,9;0,2384;;2571;0;2571;0;2571;0;;2571;0;2571;0;2571;0
2990;0;2990;0;2990;0;;2;0,4869;2;0,4784;2;0,2378;;2990;0;2990;0;2990;0;;2990;0;2990;0;2990;0
3477;0;3477;0;3477;0;;2,1;0,4845;2,1;0,4773;2,1;0,238;;3477;0;3477;0;3477;0;;3477;0;3477;0;3477;0
4043;0;4043;0;4043;0;;2,2;0,4837;2,2;0,4757;2,2;0,2372;;4043;0;4043;0;4043;0;;4043;0;4043;0;4043;0
4702;0;4702;0;4702;0;;2,3;0,4831;2,3;0,4735;2,3;0,2372;;4702;0;4702;0;4702;0;;4702;0;4702;0;4702;0
5468;0;5468;0;5468;0;;2,4;0,4833;2,4;0,4733;2,4;0,2363;;5468;0;5468;0;5468;0;;5468;0;5468;0;5468;0
6358;0;6358;0;6358;0;;2,5;0,4818;2,5;0,4728;2,5;0,2361;;6358;0;6358;0;6358;0;;6358;0;6358;0;6358;0
7394;0;7394;0;7394;0;;2,6;0,4807;2,6;0,4727;2,6;0,2357;;7394;0;7394;0;7394;0;;7394;0;7394;0;7394;0
8599;0;8599;0;8599;0;;2,7;0,4807;2,7;0,4711;2,7;0,2354;;8599;0;8599;0;8599;0;;8599;0;8599;0;8599;0
1,00E+04;0;1,00E+04;0;1,00E+04;0;;2,8;0,4812;2,8;0,4707;2,8;0,2352;;1,00E+04;0;1,00E+04;0;1,00E+04;0;;1,00E+04;0;1,00E+04;0;1,00E+04;0
;;;;;;;2,9;0,481;2,9;0,4688;2,9;0,2355;;;;;;;;;;;;;;
;;;;;;;3;0,4803;3;0,4694;3;0,2354;;;;;;;;;;;;;;
;;;;;;;3,1;0,4783;3,1;0,4691;3,1;0,2354;;;;;;;;;;;;;;
;;;;;;;3,2;0,4772;3,2;0,4695;3,2;0,2347;;;;;;;;;;;;;;
;;;;;;;3,4;0,4741;3,4;0,4671;3,4;0,2341;;;;;;;;;;;;;;
;;;;;;;3,6;0,4723;3,6;0,4655;3,6;0,2335;;;;;;;;;;;;;;
;;;;;;;3,8;0,4715;3,8;0,4642;3,8;0,2332;;;;;;;;;;;;;;
;;;;;;;4;0,4688;4;0,4629;4;0,2327;;;;;;;;;;;;;;
;;;;;;;4,2;0,4664;4,2;0,4612;4,2;0,2319;;;;;;;;;;;;;;
;;;;;;;4,4;0,4642;4,4;0,46;4,4;0,2309;;;;;;;;;;;;;;
;;;;;;;4,6;0,4629;4,6;0,4593;4,6;0,2306;;;;;;;;;;;;;;
;;;;;;;4,8;0,4619;4,8;0,4584;4,8;0,2302;;;;;;;;;;;;;;
;;;;;;;5;0,4601;5;0,4576;5;0,2299;;;;;;;;;;;;;;
;;;;;;;5,2;0,458;5,2;0,4563;5,2;0,2293;;;;;;;;;;;;;;
;;;;;;;5,4;0,4552;5,4;0,4549;5,4;0,2288;;;;;;;;;;;;;;
;;;;;;;5,6;0,4534;5,6;0,4532;5,6;0,2284;;;;;;;;;;;;;;
;;;;;;;5,8;0,4521;5,8;0,4519;5,8;0,2276;;;;;;;;;;;;;;
;;;;;;;6;0,4508;6;0,4512;6;0,2274;;;;;;;;;;;;;;
;;;;;;;6,2;0,4493;6,2;0,4498;6,2;0,2267;;;;;;;;;;;;;;
;;;;;;;6,4;0,448;6,4;0,4486;6,4;0,2264;;;;;;;;;;;;;;
;;;;;;;6,8;0,4451;6,8;0,4459;6,8;0,2253;;;;;;;;;;;;;;
;;;;;;;7,2;0,4416;7,2;0,4435;7,2;0,2245;;;;;;;;;;;;;;
;;;;;;;7,6;0,4381;7,6;0,4411;7,6;0,2237;;;;;;;;;;;;;;
;;;;;;;8;0,4355;8;0,4388;8;0,2228;;;;;;;;;;;;;;
;;;;;;;8,4;0,4325;8,4;0,4369;8,4;0,222;;;;;;;;;;;;;;
;;;;;;;8,8;0,4293;8,8;0,435;8,8;0,2213;;;;;;;;;;;;;;
;;;;;;;9,2;0,4265;9,2;0,4331;9,2;0,2205;;;;;;;;;;;;;;
;;;;;;;9,6;0,4248;9,6;0,431;9,6;0,2193;;;;;;;;;;;;;;
;;;;;;;10;0,4234;10;0,4291;10;0,2183;;;;;;;;;;;;;;
;;;;;;;10,4;0,4215;10,4;0,4271;10,4;0,2173;;;;;;;;;;;;;;
;;;;;;;10,8;0,4184;10,8;0,4251;10,8;0,2167;;;;;;;;;;;;;;
;;;;;;;11,2;0,4156;11,2;0,4234;11,2;0,216;;;;;;;;;;;;;;
;;;;;;;11,6;0,4137;11,6;0,4214;11,6;0,2153;;;;;;;;;;;;;;
;;;;;;;12;0,4122;12;0,4202;12;0,215;;;;;;;;;;;;;;
;;;;;;;12,4;0,4098;12,4;0,4189;12,4;0,2144;;;;;;;;;;;;;;
;;;;;;;12,8;0,4071;12,8;0,4176;12,8;0,2139;;;;;;;;;;;;;;
;;;;;;;13,6;0,4023;13,6;0,4144;13,6;0,212;;;;;;;;;;;;;;
;;;;;;;14,4;0,3985;14,4;0,4108;14,4;0,2107;;;;;;;;;;;;;;
;;;;;;;15,2;0,3951;15,2;0,4077;15,2;0,2097;;;;;;;;;;;;;;
;;;;;;;16;0,3917;16;0,405;16;0,2086;;;;;;;;;;;;;;
;;;;;;;16,8;0,3886;16,8;0,4025;16,8;0,2078;;;;;;;;;;;;;;
;;;;;;;17,6;0,3849;17,6;0,4003;17,6;0,2069;;;;;;;;;;;;;;
;;;;;;;18,4;0,3818;18,4;0,3978;18,4;0,2057;;;;;;;;;;;;;;
;;;;;;;19,2;0,3783;19,2;0,3954;19,2;0,2047;;;;;;;;;;;;;;
;;;;;;;20;0,3756;20;0,3927;20;0,2035;;;;;;;;;;;;;;
;;;;;;;20,8;0,3724;20,8;0,3902;20,8;0,2027;;;;;;;;;;;;;;
;;;;;;;21,6;0,3702;21,6;0,3883;21,6;0,2017;;;;;;;;;;;;;;
;;;;;;;22,4;0,3678;22,4;0,3867;22,4;0,2011;;;;;;;;;;;;;;
;;;;;;;23,2;0,3655;23,2;0,3849;23,2;0,2001;;;;;;;;;;;;;;
;;;;;;;24;0,3632;24;0,383;24;0,1994;;;;;;;;;;;;;;
;;;;;;;24,8;0,3606;24,8;0,3811;24,8;0,1985;;;;;;;;;;;;;;
;;;;;;;25,6;0,3585;25,6;0,3793;25,6;0,1979;;;;;;;;;;;;;;
;;;;;;;27,2;0,3536;27,2;0,3759;27,2;0,1965;;;;;;;;;;;;;;
;;;;;;;28,8;0,3494;28,8;0,373;28,8;0,1952;;;;;;;;;;;;;;
;;;;;;;30,4;0,3455;30,4;0,3701;30,4;0,194;;;;;;;;;;;;;;
;;;;;;;32;0,3422;32;0,3672;32;0,1928;;;;;;;;;;;;;;
;;;;;;;33,6;0,339;33,6;0,3643;33,6;0,1916;;;;;;;;;;;;;;
;;;;;;;35,2;0,3361;35,2;0,3619;35,2;0,1906;;;;;;;;;;;;;;
;;;;;;;36,8;0,3332;36,8;0,3596;36,8;0,1896;;;;;;;;;;;;;;
;;;;;;;38,4;0,3306;38,4;0,3576;38,4;0,1886;;;;;;;;;;;;;;
;;;;;;;40;0,3278;40;0,3554;40;0,1878;;;;;;;;;;;;;;
;;;;;;;41,6;0,3249;41,6;0,3535;41,6;0,187;;;;;;;;;;;;;;
;;;;;;;43,2;0,3221;43,2;0,3514;43,2;0,1861;;;;;;;;;;;;;;
;;;;;;;44,8;0,3197;44,8;0,3494;44,8;0,1852;;;;;;;;;;;;;;
;;;;;;;46,4;0,3173;46,4;0,3476;46,4;0,1845;;;;;;;;;;;;;;
;;;;;;;48;0,3152;48;0,3457;48;0,1838;;;;;;;;;;;;;;
;;;;;;;49,6;0,3131;49,6;0,3439;49,6;0,1831;;;;;;;;;;;;;;
;;;;;;;51,2;0,3112;51,2;0,3421;51,2;0,1823;;;;;;;;;;;;;;
;;;;;;;54,4;0,3074;54,4;0,3392;54,4;0,1809;;;;;;;;;;;;;;
;;;;;;;57,6;0,3037;57,6;0,3364;57,6;0,1797;;;;;;;;;;;;;;
;;;;;;;60,8;0,3002;60,8;0,3335;60,8;0,1786;;;;;;;;;;;;;;
;;;;;;;64;0,2969;64;0,3309;64;0,1775;;;;;;;;;;;;;;
;;;;;;;67,2;0,2937;67,2;0,3283;67,2;0,1765;;;;;;;;;;;;;;
;;;;;;;70,4;0,2903;70,4;0,326;70,4;0,1754;;;;;;;;;;;;;;
;;;;;;;73,6;0,2872;73,6;0,3235;73,6;0,1744;;;;;;;;;;;;;;
;;;;;;;76,8;0,2845;76,8;0,3212;76,8;0,1734;;;;;;;;;;;;;;
;;;;;;;80;0,2819;80;0,319;80;0,1725;;;;;;;;;;;;;;
;;;;;;;83,2;0,2794;83,2;0,317;83,2;0,1717;;;;;;;;;;;;;;
;;;;;;;86,4;0,2766;86,4;0,3149;86,4;0,1708;;;;;;;;;;;;;;
;;;;;;;89,6;0,2743;89,6;0,313;89,6;0,17;;;;;;;;;;;;;;
;;;;;;;92,8;0,2719;92,8;0,311;92,8;0,1691;;;;;;;;;;;;;;
;;;;;;;96;0,2695;96;0,3092;96;0,1684;;;;;;;;;;;;;;
;;;;;;;99,2;0,267;99,2;0,3074;99,2;0,1676;;;;;;;;;;;;;;
;;;;;;;102,4;0,2647;102,4;0,3058;102,4;0,1669;;;;;;;;;;;;;;
;;;;;;;108,8;0,2609;108,8;0,3023;108,8;0,1655;;;;;;;;;;;;;;
;;;;;;;115,2;0,257;115,2;0,2989;115,2;0,1642;;;;;;;;;;;;;;
;;;;;;;121,6;0,253;121,6;0,2957;121,6;0,1628;;;;;;;;;;;;;;
;;;;;;;128;0,2493;128;0,2928;128;0,1615;;;;;;;;;;;;;;
;;;;;;;134,4;0,2457;134,4;0,2898;134,4;0,1602;;;;;;;;;;;;;;
;;;;;;;140,8;0,2424;140,8;0,2871;140,8;0,1591;;;;;;;;;;;;;;
;;;;;;;147,2;0,2392;147,2;0,2845;147,2;0,1581;;;;;;;;;;;;;;
;;;;;;;153,6;0,2361;153,6;0,2821;153,6;0,1571;;;;;;;;;;;;;;
;;;;;;;160;0,2331;160;0,2797;160;0,1562;;;;;;;;;;;;;;
;;;;;;;166,4;0,2301;166,4;0,2774;166,4;0,1552;;;;;;;;;;;;;;
;;;;;;;172,8;0,2274;172,8;0,2754;172,8;0,1543;;;;;;;;;;;;;;
;;;;;;;179,2;0,2247;179,2;0,2732;179,2;0,1534;;;;;;;;;;;;;;
;;;;;;;185,6;0,2225;185,6;0,271;185,6;0,1525;;;;;;;;;;;;;;
;;;;;;;192;0,2203;192;0,2688;192;0,1516;;;;;;;;;;;;;;
;;;;;;;198,4;0,2181;198,4;0,2669;198,4;0,1508;;;;;;;;;;;;;;
;;;;;;;204,8;0,2158;204,8;0,2652;204,8;0,1501;;;;;;;;;;;;;;
;;;;;;;217,6;0,2114;217,6;0,2617;217,6;0,1487;;;;;;;;;;;;;;
;;;;;;;230,4;0,2074;230,4;0,2585;230,4;0,1473;;;;;;;;;;;;;;
;;;;;;;243,2;0,2036;243,2;0,2554;243,2;0,146;;;;;;;;;;;;;;
;;;;;;;256;0,2;256;0,2526;256;0,1448;;;;;;;;;;;;;;
;;;;;;;268,8;0,1967;268,8;0,2498;268,8;0,1436;;;;;;;;;;;;;;
;;;;;;;281,6;0,1938;281,6;0,2473;281,6;0,1425;;;;;;;;;;;;;;
;;;;;;;294,4;0,1909;294,4;0,2449;294,4;0,1413;;;;;;;;;;;;;;
;;;;;;;307,2;0,188;307,2;0,2426;307,2;0,1404;;;;;;;;;;;;;;
;;;;;;;320;0,1852;320;0,2405;320;0,1395;;;;;;;;;;;;;;
;;;;;;;332,8;0,1826;332,8;0,2384;332,8;0,1386;;;;;;;;;;;;;;
;;;;;;;345,6;0,1803;345,6;0,2365;345,6;0,1378;;;;;;;;;;;;;;
;;;;;;;358,4;0,1783;358,4;0,2348;358,4;0,137;;;;;;;;;;;;;;
;;;;;;;371,2;0,1763;371,2;0,2331;371,2;0,1363;;;;;;;;;;;;;;
;;;;;;;384;0,1744;384;0,2314;384;0,1355;;;;;;;;;;;;;;
;;;;;;;396,8;0,1725;396,8;0,2298;396,8;0,1348;;;;;;;;;;;;;;
;;;;;;;409,6;0,1708;409,6;0,2284;409,6;0,1342;;;;;;;;;;;;;;
;;;;;;;435,2;0,1674;435,2;0,2256;435,2;0,133;;;;;;;;;;;;;;
;;;;;;;460,8;0,1641;460,8;0,223;460,8;0,1318;;;;;;;;;;;;;;
;;;;;;;486,4;0,1611;486,4;0,2204;486,4;0,1307;;;;;;;;;;;;;;
;;;;;;;512;0,1582;512;0,2181;512;0,1297;;;;;;;;;;;;;;
;;;;;;;537,6;0,1556;537,6;0,2158;537,6;0,1287;;;;;;;;;;;;;;
;;;;;;;563,2;0,1531;563,2;0,2136;563,2;0,1277;;;;;;;;;;;;;;
;;;;;;;588,8;0,1508;588,8;0,2117;588,8;0,1269;;;;;;;;;;;;;;
;;;;;;;614,4;0,1488;614,4;0,21;614,4;0,1261;;;;;;;;;;;;;;
;;;;;;;640;0,147;640;0,2084;640;0,1254;;;;;;;;;;;;;;
;;;;;;;665,6;0,1454;665,6;0,2069;665,6;0,1247;;;;;;;;;;;;;;
;;;;;;;691,2;0,1437;691,2;0,2054;691,2;0,124;;;;;;;;;;;;;;
;;;;;;;716,8;0,1419;716,8;0,204;716,8;0,1233;;;;;;;;;;;;;;
;;;;;;;742,4;0,1401;742,4;0,2027;742,4;0,1227;;;;;;;;;;;;;;
;;;;;;;768;0,1386;768;0,2014;768;0,1222;;;;;;;;;;;;;;
;;;;;;;793,6;0,1373;793,6;0,2002;793,6;0,1217;;;;;;;;;;;;;;
;;;;;;;819,2;0,1362;819,2;0,1991;819,2;0,1212;;;;;;;;;;;;;;
;;;;;;;870,4;0,1338;870,4;0,197;870,4;0,1203;;;;;;;;;;;;;;
;;;;;;;921,6;0,1317;921,6;0,195;921,6;0,1194;;;;;;;;;;;;;;
;;;;;;;972,8;0,1297;972,8;0,1933;972,8;0,1186;;;;;;;;;;;;;;
;;;;;;;1024;0,1281;1024;0,1916;1024;0,1178;;;;;;;;;;;;;;
;;;;;;;1075;0,1267;1075;0,1901;1075;0,117;;;;;;;;;;;;;;
;;;;;;;1126;0,1254;1126;0,1888;1126;0,1162;;;;;;;;;;;;;;
;;;;;;;1178;0,124;1178;0,1875;1178;0,1155;;;;;;;;;;;;;;
;;;;;;;1229;0,1228;1229;0,1863;1229;0,1149;;;;;;;;;;;;;;
;;;;;;;1280;0,1217;1280;0,185;1280;0,1144;;;;;;;;;;;;;;
;;;;;;;1331;0,1208;1331;0,1839;1331;0,114;;;;;;;;;;;;;;
;;;;;;;1382;0,1197;1382;0,1827;1382;0,1135;;;;;;;;;;;;;;
;;;;;;;1434;0,1186;1434;0,1817;1434;0,1131;;;;;;;;;;;;;;
;;;;;;;1485;0,1175;1485;0,1807;1485;0,1126;;;;;;;;;;;;;;
;;;;;;;1536;0,1168;1536;0,1799;1536;0,1122;;;;;;;;;;;;;;
;;;;;;;1587;0,1162;1587;0,1792;1587;0,1117;;;;;;;;;;;;;;
;;;;;;;1638;0,1158;1638;0,1785;1638;0,1113;;;;;;;;;;;;;;
;;;;;;;1741;0,1147;1741;0,1771;1741;0,1105;;;;;;;;;;;;;;
;;;;;;;1843;0,1132;1843;0,1757;1843;0,1098;;;;;;;;;;;;;;
;;;;;;;1946;0,1117;1946;0,1742;1946;0,1091;;;;;;;;;;;;;;
;;;;;;;2048;0,1102;2048;0,1729;2048;0,1083;;;;;;;;;;;;;;
;;;;;;;2150;0,109;2150;0,1714;2150;0,1077;;;;;;;;;;;;;;
;;;;;;;2253;0,1078;2253;0,17;2253;0,1072;;;;;;;;;;;;;;
;;;;;;;2355;0,1067;2355;0,1685;2355;0,1067;;;;;;;;;;;;;;
;;;;;;;2458;0,1054;2458;0,1673;2458;0,106;;;;;;;;;;;;;;
;;;;;;;2560;0,1043;2560;0,1662;2560;0,1053;;;;;;;;;;;;;;
;;;;;;;2662;0,1032;2662;0,1651;2662;0,1045;;;;;;;;;;;;;;
;;;;;;;2765;0,102;2765;0,1639;2765;0,1038;;;;;;;;;;;;;;
;;;;;;;2867;0,1007;2867;0,1625;2867;0,1029;;;;;;;;;;;;;;
;;;;;;;2970;0,09942;2970;0,1608;2970;0,1022;;;;;;;;;;;;;;
;;;;;;;3072;0,09819;3072;0,1592;3072;0,1014;;;;;;;;;;;;;;
;;;;;;;3174;0,09675;3174;0,1578;3174;0,1006;;;;;;;;;;;;;;
;;;;;;;3277;0,09533;3277;0,1565;3277;0,09982;;;;;;;;;;;;;;
;;;;;;;3482;0,0921;3482;0,154;3482;0,09823;;;;;;;;;;;;;;
;;;;;;;3686;0,0889;3686;0,1515;3686;0,09666;;;;;;;;;;;;;;
;;;;;;;3891;0,08577;3891;0,149;3891;0,09499;;;;;;;;;;;;;;
;;;;;;;4096;0,08299;4096;0,1465;4096;0,09334;;;;;;;;;;;;;;
;;;;;;;4301;0,08035;4301;0,1441;4301;0,09171;;;;;;;;;;;;;;
;;;;;;;4506;0,07775;4506;0,1416;4506;0,09019;;;;;;;;;;;;;;
;;;;;;;4710;0,0752;4710;0,1393;4710;0,08869;;;;;;;;;;;;;;
;;;;;;;4915;0,07267;4915;0,137;4915;0,08721;;;;;;;;;;;;;;
;;;;;;;5120;0,07036;5120;0,1347;5120;0,08572;;;;;;;;;;;;;;
;;;;;;;5325;0,0683;5325;0,1324;5325;0,08431;;;;;;;;;;;;;;
;;;;;;;5530;0,06658;5530;0,1298;5530;0,08295;;;;;;;;;;;;;;
;;;;;;;5734;0,06504;5734;0,1272;5734;0,08165;;;;;;;;;;;;;;
;;;;;;;5939;0,06348;5939;0,1245;5939;0,08042;;;;;;;;;;;;;;
;;;;;;;6144;0,06203;6144;0,1222;6144;0,07921;;;;;;;;;;;;;;
;;;;;;;6349;0,06049;6349;0,1201;6349;0,07806;;;;;;;;;;;;;;
;;;;;;;6554;0,05893;6554;0,1183;6554;0,07684;;;;;;;;;;;;;;
;;;;;;;6963;0,05585;6963;0,1149;6963;0,07448;;;;;;;;;;;;;;
;;;;;;;7373;0,05323;7373;0,1116;7373;0,07231;;;;;;;;;;;;;;
;;;;;;;7782;0,05114;7782;0,1086;7782;0,07029;;;;;;;;;;;;;;
;;;;;;;8192;0,04946;8192;0,1056;8192;0,06825;;;;;;;;;;;;;;
;;;;;;;8602;0,04815;8602;0,1031;8602;0,06628;;;;;;;;;;;;;;
;;;;;;;9011;0,04766;9011;0,1011;9011;0,06458;;;;;;;;;;;;;;
;;;;;;;9421;0,04775;9421;0,09953;9421;0,06325;;;;;;;;;;;;;;
;;;;;;;9830;0,04826;9830;0,09807;9830;0,06216;;;;;;;;;;;;;;
;;;;;;;1,02E+04;0,04844;1,02E+04;0,09667;1,02E+04;0,06128;;;;;;;;;;;;;;
;;;;;;;1,07E+04;0,0484;1,07E+04;0,09557;1,07E+04;0,06054;;;;;;;;;;;;;;
;;;;;;;1,11E+04;0,04788;1,11E+04;0,09487;1,11E+04;0,05978;;;;;;;;;;;;;;
;;;;;;;1,15E+04;0,04737;1,15E+04;0,09445;1,15E+04;0,059;;;;;;;;;;;;;;
;;;;;;;1,19E+04;0,04671;1,19E+04;0,094;1,19E+04;0,05824;;;;;;;;;;;;;;
;;;;;;;1,23E+04;0,04661;1,23E+04;0,09329;1,23E+04;0,05748;;;;;;;;;;;;;;
;;;;;;;1,27E+04;0,04658;1,27E+04;0,09247;1,27E+04;0,05683;;;;;;;;;;;;;;
;;;;;;;1,31E+04;0,04662;1,31E+04;0,09201;1,31E+04;0,05628;;;;;;;;;;;;;;
;;;;;;;1,39E+04;0,04567;1,39E+04;0,09162;1,39E+04;0,05553;;;;;;;;;;;;;;
;;;;;;;1,48E+04;0,04421;1,48E+04;0,09113;1,48E+04;0,05485;;;;;;;;;;;;;;
;;;;;;;1,56E+04;0,04223;1,56E+04;0,0904;1,56E+04;0,05427;;;;;;;;;;;;;;
;;;;;;;1,64E+04;0,04032;1,64E+04;0,08913;1,64E+04;0,05373;;;;;;;;;;;;;;
;;;;;;;1,72E+04;0,03808;1,72E+04;0,08742;1,72E+04;0,05302;;;;;;;;;;;;;;
;;;;;;;1,80E+04;0,03597;1,80E+04;0,08523;1,80E+04;0,05218;;;;;;;;;;;;;;
;;;;;;;1,88E+04;0,03374;1,88E+04;0,08259;1,88E+04;0,05123;;;;;;;;;;;;;;
;;;;;;;1,97E+04;0,03222;1,97E+04;0,08026;1,97E+04;0,05022;;;;;;;;;;;;;;
;;;;;;;2,05E+04;0,03099;2,05E+04;0,07792;2,05E+04;0,04912;;;;;;;;;;;;;;
;;;;;;;2,13E+04;0,0299;2,13E+04;0,07548;2,13E+04;0,04782;;;;;;;;;;;;;;
;;;;;;;2,21E+04;0,02886;2,21E+04;0,07278;2,21E+04;0,04643;;;;;;;;;;;;;;
;;;;;;;2,29E+04;0,02805;2,29E+04;0,06991;2,29E+04;0,04487;;;;;;;;;;;;;;
;;;;;;;2,38E+04;0,02742;2,38E+04;0,0673;2,38E+04;0,04342;;;;;;;;;;;;;;
;;;;;;;2,46E+04;0,02659;2,46E+04;0,06512;2,46E+04;0,04205;;;;;;;;;;;;;;
;;;;;;;2,54E+04;0,02564;2,54E+04;0,06326;2,54E+04;0,04068;;;;;;;;;;;;;;
;;;;;;;2,62E+04;0,02489;2,62E+04;0,06186;2,62E+04;0,0392;;;;;;;;;;;;;;
;;;;;;;2,79E+04;0,02366;2,79E+04;0,05858;2,79E+04;0,0364;;;;;;;;;;;;;;
;;;;;;;2,95E+04;0,02232;2,95E+04;0,05541;2,95E+04;0,03403;;;;;;;;;;;;;;
;;;;;;;3,11E+04;0,02059;3,11E+04;0,05221;3,11E+04;0,03196;;;;;;;;;;;;;;
;;;;;;;3,28E+04;0,01941;3,28E+04;0,04953;3,28E+04;0,03009;;;;;;;;;;;;;;
;;;;;;;3,44E+04;0,01822;3,44E+04;0,04679;3,44E+04;0,0282;;;;;;;;;;;;;;
;;;;;;;3,60E+04;0,01734;3,60E+04;0,04423;3,60E+04;0,02646;;;;;;;;;;;;;;
;;;;;;;3,77E+04;0,01649;3,77E+04;0,04171;3,77E+04;0,0248;;;;;;;;;;;;;;
;;;;;;;3,93E+04;0,01588;3,93E+04;0,03902;3,93E+04;0,02338;;;;;;;;;;;;;;
;;;;;;;4,10E+04;0,01557;4,10E+04;0,0362;4,10E+04;0,02216;;;;;;;;;;;;;;
;;;;;;;4,26E+04;0,01505;4,26E+04;0,03339;4,26E+04;0,02116;;;;;;;;;;;;;;
;;;;;;;4,42E+04;0,01451;4,42E+04;0,0309;4,42E+04;0,02052;;;;;;;;;;;;;;
;;;;;;;4,59E+04;0,01344;4,59E+04;0,02896;4,59E+04;0,02012;;;;;;;;;;;;;;
;;;;;;;4,75E+04;0,01236;4,75E+04;0,02714;4,75E+04;0,01976;;;;;;;;;;;;;;
;;;;;;;4,92E+04;0,0114;4,92E+04;0,02563;4,92E+04;0,01941;;;;;;;;;;;;;;
;;;;;;;5,08E+04;0,01101;5,08E+04;0,0239;5,08E+04;0,01921;;;;;;;;;;;;;;
;;;;;;;5,24E+04;0,01092;5,24E+04;0,02251;5,24E+04;0,01915;;;;;;;;;;;;;;
;;;;;;;5,57E+04;0,01122;5,57E+04;0,02011;5,57E+04;0,01886;;;;;;;;;;;;;;
;;;;;;;5,90E+04;0,01105;5,90E+04;0,01801;5,90E+04;0,01844;;;;;;;;;;;;;;
;;;;;;;6,23E+04;0,01037;6,23E+04;0,01616;6,23E+04;0,01805;;;;;;;;;;;;;;
;;;;;;;6,55E+04;0,00953;6,55E+04;0,0144;6,55E+04;0,01783;;;;;;;;;;;;;;
;;;;;;;6,88E+04;0,009362;6,88E+04;0,01338;6,88E+04;0,01735;;;;;;;;;;;;;;
;;;;;;;7,21E+04;0,009844;7,21E+04;0,01324;7,21E+04;0,01673;;;;;;;;;;;;;;
;;;;;;;7,54E+04;0,01032;7,54E+04;0,01418;7,54E+04;0,01603;;;;;;;;;;;;;;
;;;;;;;7,86E+04;0,01093;7,86E+04;0,01528;7,86E+04;0,0156;;;;;;;;;;;;;;
;;;;;;;8,19E+04;0,01102;8,19E+04;0,01616;8,19E+04;0,0153;;;;;;;;;;;;;;
;;;;;;;8,52E+04;0,01109;8,52E+04;0,01672;8,52E+04;0,01531;;;;;;;;;;;;;;
;;;;;;;8,85E+04;0,01082;8,85E+04;0,01719;8,85E+04;0,01571;;;;;;;;;;;;;;
;;;;;;;9,18E+04;0,0108;9,18E+04;0,01778;9,18E+04;0,01633;;;;;;;;;;;;;;
;;;;;;;9,50E+04;0,01103;9,50E+04;0,01867;9,50E+04;0,01708;;;;;;;;;;;;;;
;;;;;;;9,83E+04;0,01136;9,83E+04;0,02016;9,83E+04;0,01781;;;;;;;;;;;;;;
;;;;;;;1,02E+05;0,01203;1,02E+05;0,02209;1,02E+05;0,01867;;;;;;;;;;;;;;
;;;;;;;1,05E+05;0,01242;1,05E+05;0,02443;1,05E+05;0,0195;;;;;;;;;;;;;;
;;;;;;;1,11E+05;0,01282;1,11E+05;0,02921;1,11E+05;0,02153;;;;;;;;;;;;;;
;;;;;;;1,18E+05;0,01316;1,18E+05;0,03297;1,18E+05;0,02372;;;;;;;;;;;;;;
;;;;;;;1,25E+05;0,01362;1,25E+05;0,0354;1,25E+05;0,02512;;;;;;;;;;;;;;
;;;;;;;1,31E+05;0,01421;1,31E+05;0,03611;1,31E+05;0,02529;;;;;;;;;;;;;;
;;;;;;;1,38E+05;0,01389;1,38E+05;0,03617;1,38E+05;0,02478;;;;;;;;;;;;;;
;;;;;;;1,44E+05;0,01304;1,44E+05;0,03519;1,44E+05;0,0245;;;;;;;;;;;;;;
;;;;;;;1,51E+05;0,01243;1,51E+05;0,03386;1,51E+05;0,0245;;;;;;;;;;;;;;
;;;;;;;1,57E+05;0,01239;1,57E+05;0,03188;1,57E+05;0,02416;;;;;;;;;;;;;;
;;;;;;;1,64E+05;0,01249;1,64E+05;0,0302;1,64E+05;0,02354;;;;;;;;;;;;;;
;;;;;;;1,70E+05;0,01183;1,70E+05;0,02832;1,70E+05;0,02276;;;;;;;;;;;;;;
;;;;;;;1,77E+05;0,01092;1,77E+05;0,02587;1,77E+05;0,02142;;;;;;;;;;;;;;
;;;;;;;1,84E+05;0,009953;1,84E+05;0,02292;1,84E+05;0,01994;;;;;;;;;;;;;;
;;;;;;;1,90E+05;0,009437;1,90E+05;0,02052;1,90E+05;0,0185;;;;;;;;;;;;;;
;;;;;;;1,97E+05;0,009161;1,97E+05;0,01916;1,97E+05;0,01763;;;;;;;;;;;;;;
;;;;;;;2,03E+05;0,009385;2,03E+05;0,01855;2,03E+05;0,01702;;;;;;;;;;;;;;
;;;;;;;2,10E+05;0,009637;2,10E+05;0,01772;2,10E+05;0,01671;;;;;;;;;;;;;;
;;;;;;;2,23E+05;0,01056;2,23E+05;0,01627;2,23E+05;0,01653;;;;;;;;;;;;;;
;;;;;;;2,36E+05;0,01145;2,36E+05;0,01457;2,36E+05;0,01645;;;;;;;;;;;;;;
;;;;;;;2,49E+05;0,01166;2,49E+05;0,01282;2,49E+05;0,01577;;;;;;;;;;;;;;
;;;;;;;2,62E+05;0,01138;2,62E+05;0,01171;2,62E+05;0,01485;;;;;;;;;;;;;;
;;;;;;;2,75E+05;0,01125;2,75E+05;0,0116;2,75E+05;0,01397;;;;;;;;;;;;;;
;;;;;;;2,88E+05;0,01196;2,88E+05;0,01249;2,88E+05;0,01417;;;;;;;;;;;;;;
;;;;;;;3,02E+05;0,0126;3,02E+05;0,0145;3,02E+05;0,0161;;;;;;;;;;;;;;
;;;;;;;3,15E+05;0,01309;3,15E+05;0,01866;3,15E+05;0,01928;;;;;;;;;;;;;;
;;;;;;;3,28E+05;0,01341;3,28E+05;0,02325;3,28E+05;0,02251;;;;;;;;;;;;;;
;;;;;;;3,41E+05;0,01383;3,41E+05;0,02718;3,41E+05;0,02398;;;;;;;;;;;;;;
;;;;;;;3,54E+05;0,01325;3,54E+05;0,0268;3,54E+05;0,02303;;;;;;;;;;;;;;
;;;;;;;3,67E+05;0,01247;3,67E+05;0,02436;3,67E+05;0,02001;;;;;;;;;;;;;;
;;;;;;;3,80E+05;0,01166;3,80E+05;0,0198;3,80E+05;0,01654;;;;;;;;;;;;;;
;;;;;;;3,93E+05;0,01159;3,93E+05;0,0164;3,93E+05;0,01393;;;;;;;;;;;;;;
;;;;;;;4,06E+05;0,01218;4,06E+05;0,01379;4,06E+05;0,01278;;;;;;;;;;;;;;
;;;;;;;4,19E+05;0,01254;4,19E+05;0,01313;4,19E+05;0,01309;;;;;;;;;;;;;;
;;;;;;;4,46E+05;0,01311;4,46E+05;0,01486;4,46E+05;0,01613;;;;;;;;;;;;;;
;;;;;;;4,72E+05;0,01343;4,72E+05;0,01851;4,72E+05;0,01941;;;;;;;;;;;;;;
;;;;;;;4,98E+05;0,01364;4,98E+05;0,02065;4,98E+05;0,02081;;;;;;;;;;;;;;
;;;;;;;5,24E+05;0,01393;5,24E+05;0,02023;5,24E+05;0,01927;;;;;;;;;;;;;;
;;;;;;;5,51E+05;0,0138;5,51E+05;0,01816;5,51E+05;0,0171;;;;;;;;;;;;;;
;;;;;;;5,77E+05;0,01365;5,77E+05;0,01663;5,77E+05;0,01582;;;;;;;;;;;;;;
;;;;;;;6,03E+05;0,01331;6,03E+05;0,0164;6,03E+05;0,01633;;;;;;;;;;;;;;
;;;;;;;6,29E+05;0,01241;6,29E+05;0,0177;6,29E+05;0,01859;;;;;;;;;;;;;;
;;;;;;;6,55E+05;0,01209;6,55E+05;0,02181;6,55E+05;0,022;;;;;;;;;;;;;;
;;;;;;;6,82E+05;0,01201;6,82E+05;0,0249;6,82E+05;0,02393;;;;;;;;;;;;;;
;;;;;;;7,08E+05;0,01218;7,08E+05;0,02445;7,08E+05;0,02236;;;;;;;;;;;;;;
;;;;;;;7,34E+05;0,01219;7,34E+05;0,02106;7,34E+05;0,0195;;;;;;;;;;;;;;
;;;;;;;7,60E+05;0,01248;7,60E+05;0,01919;7,60E+05;0,01848;;;;;;;;;;;;;;
;;;;;;;7,86E+05;0,01295;7,86E+05;0,02244;7,86E+05;0,02047;;;;;;;;;;;;;;
;;;;;;;8,13E+05;0,01332;8,13E+05;0,02717;8,13E+05;0,02333;;;;;;;;;;;;;;
;;;;;;;8,39E+05;0,01315;8,39E+05;0,02903;8,39E+05;0,02376;;;;;;;;;;;;;;
;;;;;;;8,91E+05;0,01313;8,91E+05;0,02649;8,91E+05;0,02162;;;;;;;;;;;;;;
;;;;;;;9,44E+05;0,01278;9,44E+05;0,02399;9,44E+05;0,01964;;;;;;;;;;;;;;
;;;;;;;9,96E+05;0,01263;9,96E+05;0,02326;9,96E+05;0,01942;;;;;;;;;;;;;;
;;;;;;;1,05E+06;0,01202;1,05E+06;0,02224;1,05E+06;0,01862;;;;;;;;;;;;;;
;;;;;;;1,10E+06;0,01146;1,10E+06;0,02146;1,10E+06;0,01784;;;;;;;;;;;;;;
;;;;;;;1,15E+06;0,01063;1,15E+06;0,02124;1,15E+06;0,01747;;;;;;;;;;;;;;
;;;;;;;1,21E+06;0,01004;1,21E+06;0,02018;1,21E+06;0,01734;;;;;;;;;;;;;;
;;;;;;;1,26E+06;0,009692;1,26E+06;0,01851;1,26E+06;0,01729;;;;;;;;;;;;;;
;;;;;;;1,31E+06;0,009233;1,31E+06;0,01686;1,31E+06;0,01723;;;;;;;;;;;;;;
;;;;;;;1,36E+06;0,00855;1,36E+06;0,01539;1,36E+06;0,01666;;;;;;;;;;;;;;
;;;;;;;1,42E+06;0,007199;1,42E+06;0,01391;1,42E+06;0,01532;;;;;;;;;;;;;;
;;;;;;;1,47E+06;0,006077;1,47E+06;0,01329;1,47E+06;0,01279;;;;;;;;;;;;;;
;;;;;;;1,52E+06;0,0049;1,52E+06;0,01233;1,52E+06;0,009817;;;;;;;;;;;;;;
;;;;;;;1,57E+06;0,004138;1,57E+06;0,009936;1,57E+06;0,006059;;;;;;;;;;;;;;
;;;;;;;1,63E+06;0,002419;1,63E+06;0,005225;1,63E+06;0,002704;;;;;;;;;;;;;;
;;;;;;;1,68E+06;0,00151;1,68E+06;0,002285;1,68E+06;0,001115;;;;;;;;;;;;;;
;;;;;;;1,78E+06;0;1,78E+06;0;1,78E+06;0;;;;;;;;;;;;;;
;;;;;;;1,89E+06;0;1,89E+06;0;1,89E+06;0;;;;;;;;;;;;;;
;;;;;;;1,99E+06;0;1,99E+06;0;1,99E+06;0;;;;;;;;;;;;;;
;;;;;;;2,10E+06;0;2,10E+06;0;2,10E+06;0;;;;;;;;;;;;;;
;;;;;;;2,20E+06;0;2,20E+06;0;2,20E+06;0;;;;;;;;;;;;;;
;;;;;;;2,31E+06;0;2,31E+06;0;2,31E+06;0;;;;;;;;;;;;;;
;;;;;;;2,41E+06;0;2,41E+06;0;2,41E+06;0;;;;;;;;;;;;;;
;;;;;;;2,52E+06;0;2,52E+06;0;2,52E+06;0;;;;;;;;;;;;;;
;;;;;;;2,62E+06;0;2,62E+06;0;2,62E+06;0;;;;;;;;;;;;;;
;;;;;;;2,73E+06;0;2,73E+06;0;2,73E+06;0;;;;;;;;;;;;;;
;;;;;;;2,83E+06;0;2,83E+06;0;2,83E+06;0;;;;;;;;;;;;;;
;;;;;;;2,94E+06;0;2,94E+06;0;2,94E+06;0;;;;;;;;;;;;;;
;;;;;;;3,04E+06;0;3,04E+06;0;3,04E+06;0;;;;;;;;;;;;;;
;;;;;;;3,15E+06;0;3,15E+06;0;3,15E+06;0;;;;;;;;;;;;;;
;;;;;;;3,25E+06;0;3,25E+06;0;3,25E+06;0;;;;;;;;;;;;;;
;;;;;;;3,36E+06;0;3,36E+06;0;3,36E+06;0;;;;;;;;;;;;;;
;;;;;;;3,57E+06;0;3,57E+06;0;3,57E+06;0;;;;;;;;;;;;;;
;;;;;;;3,78E+06;0;3,78E+06;0;3,78E+06;0;;;;;;;;;;;;;;
;;;;;;;3,99E+06;0;3,99E+06;0;3,99E+06;0;;;;;;;;;;;;;;
;;;;;;;4,19E+06;0;4,19E+06;0;4,19E+06;0;;;;;;;;;;;;;;
;;;;;;;4,40E+06;0;4,40E+06;0;4,40E+06;0;;;;;;;;;;;;;;
;;;;;;;4,61E+06;0;4,61E+06;0;4,61E+06;0;;;;;;;;;;;;;;
;;;;;;;4,82E+06;0;4,82E+06;0;4,82E+06;0;;;;;;;;;;;;;;
;;;;;;;5,03E+06;0;5,03E+06;0;5,03E+06;0;;;;;;;;;;;;;;
;;;;;;;5,24E+06;0;5,24E+06;0;5,24E+06;0;;;;;;;;;;;;;;
;;;;;;;5,45E+06;0;5,45E+06;0;5,45E+06;0;;;;;;;;;;;;;;
;;;;;;;5,66E+06;0;5,66E+06;0;5,66E+06;0;;;;;;;;;;;;;;
;;;;;;;5,87E+06;0;5,87E+06;0;5,87E+06;0;;;;;;;;;;;;;;
;;;;;;;6,08E+06;0;6,08E+06;0;6,08E+06;0;;;;;;;;;;;;;;
;;;;;;;6,29E+06;0;6,29E+06;0;6,29E+06;0;;;;;;;;;;;;;;
;;;;;;;6,50E+06;0;6,50E+06;0;6,50E+06;0;;;;;;;;;;;;;;
;;;;;;;6,71E+06;0;6,71E+06;0;6,71E+06;0;;;;;;;;;;;;;;
;;;;;;;7,13E+06;0;7,13E+06;0;7,13E+06;0;;;;;;;;;;;;;;
;;;;;;;7,55E+06;0;7,55E+06;0;7,55E+06;0;;;;;;;;;;;;;;
;;;;;;;7,97E+06;0;7,97E+06;0;7,97E+06;0;;;;;;;;;;;;;;
;;;;;;;8,39E+06;0;8,39E+06;0;8,39E+06;0;;;;;;;;;;;;;;
;;;;;;;8,81E+06;0;8,81E+06;0;8,81E+06;0;;;;;;;;;;;;;;
;;;;;;;9,23E+06;0;9,23E+06;0;9,23E+06;0;;;;;;;;;;;;;;
;;;;;;;9,65E+06;0;9,65E+06;0;9,65E+06;0;;;;;;;;;;;;;;
;;;;;;;1,01E+07;0;1,01E+07;0;1,01E+07;0;;;;;;;;;;;;;;
;;;;;;;1,05E+07;0;1,05E+07;0;1,05E+07;0;;;;;;;;;;;;;;
;;;;;;;1,09E+07;0;1,09E+07;0;1,09E+07;0;;;;;;;;;;;;;;
;;;;;;;1,13E+07;0;1,13E+07;0;1,13E+07;0;;;;;;;;;;;;;;
;;;;;;;1,17E+07;0;1,17E+07;0;1,17E+07;0;;;;;;;;;;;;;;
;;;;;;;1,22E+07;0;1,22E+07;0;1,22E+07;0;;;;;;;;;;;;;;
;;;;;;;1,26E+07;0;1,26E+07;0;1,26E+07;0;;;;;;;;;;;;;;
;;;;;;;1,30E+07;0;1,30E+07;0;1,30E+07;0;;;;;;;;;;;;;;
;;;;;;;1,34E+07;0;1,34E+07;0;1,34E+07;0;;;;;;;;;;;;;;
;;;;;;;1,43E+07;0;1,43E+07;0;1,43E+07;0;;;;;;;;;;;;;;
;;;;;;;1,51E+07;0;1,51E+07;0;1,51E+07;0;;;;;;;;;;;;;;
;;;;;;;1,59E+07;0;1,59E+07;0;1,59E+07;0;;;;;;;;;;;;;;
;;;;;;;1,68E+07;0;1,68E+07;0;1,68E+07;0;;;;;;;;;;;;;;
;;;;;;;1,76E+07;0;1,76E+07;0;1,76E+07;0;;;;;;;;;;;;;;
;;;;;;;1,85E+07;0;1,85E+07;0;1,85E+07;0;;;;;;;;;;;;;;
;;;;;;;1,93E+07;0;1,93E+07;0;1,93E+07;0;;;;;;;;;;;;;;
;;;;;;;2,01E+07;0;2,01E+07;0;2,01E+07;0;;;;;;;;;;;;;;
;;;;;;;2,10E+07;0;2,10E+07;0;2,10E+07;0;;;;;;;;;;;;;;
;;;;;;;2,18E+07;0;2,18E+07;0;2,18E+07;0;;;;;;;;;;;;;;
;;;;;;;2,27E+07;0;2,27E+07;0;2,27E+07;0;;;;;;;;;;;;;;
;;;;;;;2,35E+07;0;2,35E+07;0;2,35E+07;0;;;;;;;;;;;;;;
;;;;;;;2,43E+07;0;2,43E+07;0;2,43E+07;0;;;;;;;;;;;;;;
;;;;;;;2,52E+07;0;2,52E+07;0;2,52E+07;0;;;;;;;;;;;;;;
;;;;;;;2,60E+07;0;2,60E+07;0;2,60E+07;0;;;;;;;;;;;;;;
;;;;;;;2,68E+07;0;2,68E+07;0;2,68E+07;0;;;;;;;;;;;;;;
;;;;;;;2,85E+07;0;2,85E+07;0;2,85E+07;0;;;;;;;;;;;;;;
;;;;;;;3,02E+07;0;3,02E+07;0;3,02E+07;0;;;;;;;;;;;;;;
;;;;;;;3,19E+07;0;3,19E+07;0;3,19E+07;0;;;;;;;;;;;;;;
;;;;;;;3,36E+07;0;3,36E+07;0;3,36E+07;0;;;;;;;;;;;;;;
;;;;;;;3,52E+07;0;3,52E+07;0;3,52E+07;0;;;;;;;;;;;;;;
;;;;;;;3,69E+07;0;3,69E+07;0;3,69E+07;0;;;;;;;;;;;;;;
;;;;;;;3,86E+07;0;3,86E+07;0;3,86E+07;0;;;;;;;;;;;;;;
;;;;;;;4,03E+07;0;4,03E+07;0;4,03E+07;0;;;;;;;;;;;;;;
;;;;;;;4,19E+07;0;4,19E+07;0;4,19E+07;0;;;;;;;;;;;;;;
;;;;;;;4,36E+07;0;4,36E+07;0;4,36E+07;0;;;;;;;;;;;;;;
;;;;;;;4,53E+07;0;4,53E+07;0;4,53E+07;0;;;;;;;;;;;;;;
;;;;;;;4,70E+07;0;4,70E+07;0;4,70E+07;0;;;;;;;;;;;;;;
;;;;;;;4,87E+07;0;4,87E+07;0;4,87E+07;0;;;;;;;;;;;;;;
;;;;;;;5,03E+07;0;5,03E+07;0;5,03E+07;0;;;;;;;;;;;;;;
;;;;;;;5,20E+07;0;5,20E+07;0;5,20E+07;0;;;;;;;;;;;;;;
;;;;;;;5,37E+07;0;5,37E+07;0;5,37E+07;0;;;;;;;;;;;;;;
;;;;;;;5,70E+07;0;5,70E+07;0;5,70E+07;0;;;;;;;;;;;;;;
;;;;;;;6,04E+07;0;6,04E+07;0;6,04E+07;0;;;;;;;;;;;;;;
;;;;;;;6,38E+07;0;6,38E+07;0;6,38E+07;0;;;;;;;;;;;;;;
;;;;;;;6,71E+07;0;6,71E+07;0;6,71E+07;0;;;;;;;;;;;;;;
;;;;;;;7,05E+07;0;7,05E+07;0;7,05E+07;0;;;;;;;;;;;;;;
;;;;;;;7,38E+07;0;7,38E+07;0;7,38E+07;0;;;;;;;;;;;;;;
;;;;;;;7,72E+07;0;7,72E+07;0;7,72E+07;0;;;;;;;;;;;;;;
;;;;;;;8,05E+07;0;8,05E+07;0;8,05E+07;0;;;;;;;;;;;;;;
;;;;;;;8,39E+07;0;8,39E+07;0;8,39E+07;0;;;;;;;;;;;;;;
;;;;;;;8,72E+07;0;8,72E+07;0;8,72E+07;0;;;;;;;;;;;;;;
;;;;;;;9,06E+07;0;9,06E+07;0;9,06E+07;0;;;;;;;;;;;;;;
;;;;;;;9,40E+07;0;9,40E+07;0;9,40E+07;0;;;;;;;;;;;;;;
;;;;;;;9,73E+07;0;9,73E+07;0;9,73E+07;0;;;;;;;;;;;;;;
;;;;;;;1,01E+08;0;1,01E+08;0;1,01E+08;0;;;;;;;;;;;;;;
;;;;;;;1,04E+08;0;1,04E+08;0;1,04E+08;0;;;;;;;;;;;;;;
;;;;;;;1,07E+08;0;1,07E+08;0;1,07E+08;0;;;;;;;;;;;;;;
;;;;;;;1,14E+08;0;1,14E+08;0;1,14E+08;0;;;;;;;;;;;;;;
;;;;;;;1,21E+08;0;1,21E+08;0;1,21E+08;0;;;;;;;;;;;;;;
;;;;;;;1,28E+08;0;1,28E+08;0;1,28E+08;0;;;;;;;;;;;;;;
;;;;;;;1,34E+08;0;1,34E+08;0;1,34E+08;0;;;;;;;;;;;;;;
;;;;;;;1,41E+08;0;1,41E+08;0;1,41E+08;0;;;;;;;;;;;;;;
;;;;;;;1,48E+08;0;1,48E+08;0;1,48E+08;0;;;;;;;;;;;;;;
;;;;;;;1,54E+08;0;1,54E+08;0;1,54E+08;0;;;;;;;;;;;;;;
;;;;;;;1,61E+08;0;1,61E+08;0;1,61E+08;0;;;;;;;;;;;;;;
;;;;;;;1,68E+08;0;1,68E+08;0;1,68E+08;0;;;;;;;;;;;;;;
;;;;;;;1,75E+08;0;1,75E+08;0;1,75E+08;0;;;;;;;;;;;;;;
;;;;;;;1,81E+08;0;1,81E+08;0;1,81E+08;0;;;;;;;;;;;;;;
;;;;;;;1,88E+08;0;1,88E+08;0;1,88E+08;0;;;;;;;;;;;;;;
;;;;;;;1,95E+08;0;1,95E+08;0;1,95E+08;0;;;;;;;;;;;;;;
;;;;;;;2,01E+08;0;2,01E+08;0;2,01E+08;0;;;;;;;;;;;;;;
;;;;;;;2,08E+08;0;2,08E+08;0;2,08E+08;0;;;;;;;;;;;;;;
;;;;;;;2,15E+08;0;2,15E+08;0;2,15E+08;0;;;;;;;;;;;;;;
