Time (µs) - Sample 2 [Steady state] test1;Correlation Coefficient (g₂-1) - Sample 2 [Steady state] test1;Time (µs) - Sample 2 [Steady state] test2;Correlation Coefficient (g₂-1) - Sample 2 [Steady state] test2;Time (µs) - Sample 2 [Steady state] test3;Correlation Coefficient (g₂-1) - Sample 2 [Steady state] test3;;;;;;Size (d.nm) - Sample 2 [Steady state] test1;Intensity (Percent) - Sample 2 [Steady state] test1;;Size (d.nm) - Sample 2 [Steady state] test2;Intensity (Percent) - Sample 2 [Steady state] test2;;Size (d.nm) - Sample 2 [Steady state] test3;Intensity (Percent) - Sample 2 [Steady state] test3;;;;Size (d.nm) - Sample 2 [Steady state] test1;Number (Percent) - Sample 2 [Steady state] test1;;Size (d.nm) - Sample 2 [Steady state] test2;Number (Percent) - Sample 2 [Steady state] test2;;Size (d.nm) - Sample 2 [Steady state] test3;Number (Percent) - Sample 2 [Steady state] test3;;;;Size (d.nm) - Sample 2 [Steady state] test1;Volume (Percent) - Sample 2 [Steady state] test1;;Size (d.nm) - Sample 2 [Steady state] test2;Volume (Percent) - Sample 2 [Steady state] test2;;Size (d.nm) - Sample 2 [Steady state] test3;Volume (Percent) - Sample 2 [Steady state] test3
0,0875;1,044;0,0875;1,062;0,0875;1,063;;;;;;0,3;0;;0,3;0;;0,3;0;;;;0,3;0;;0,3;0;;0,3;0;;;;0,3;0;;0,3;0;;0,3;0
0,1;1,039;0,1;1,057;0,1;1,058;;;;;;0,3489;0;;0,3489;0;;0,3489;0;;;;0,3489;0;;0,3489;0;;0,3489;0;;;;0,3489;0;;0,3489;0;;0,3489;0
0,1125;1,037;0,1125;1,042;0,1125;1,045;;;;;;0,4057;0;;0,4057;0;;0,4057;0;;;;0,4057;0;;0,4057;0;;0,4057;0;;;;0,4057;0;;0,4057;0;;0,4057;0
0,125;1,025;0,125;1,031;0,125;1,038;;;;;;0,4718;0;;0,4718;0;;0,4718;0;;;;0,4718;0;;0,4718;0;;0,4718;0;;;;0,4718;0;;0,4718;0;;0,4718;0
0,1375;1,014;0,1375;1,021;0,1375;1,029;;;;;;0,5487;0;;0,5487;0;;0,5487;0;;;;0,5487;0;;0,5487;0;;0,5487;0;;;;0,5487;0;;0,5487;0;;0,5487;0
0,15;1,003;0,15;1,02;0,15;1,028;;;;;;0,6381;0;;0,6381;0;;0,6381;0;;;;0,6381;0;;0,6381;0;;0,6381;0;;;;0,6381;0;;0,6381;0;;0,6381;0
0,1625;1,006;0,1625;1,021;0,1625;1,021;;;;;;0,742;0;;0,742;0;;0,742;0;;;;0,742;0;;0,742;0;;0,742;0;;;;0,742;0;;0,742;0;;0,742;0
0,175;1,009;0,175;1,026;0,175;1,019;;;;;;0,8629;0;;0,8629;0;;0,8629;0;;;;0,8629;0;;0,8629;0;;0,8629;0;;;;0,8629;0;;0,8629;0;;0,8629;0
0,1875;1,006;0,1875;1,029;0,1875;1,017;;;;;;1,003;0;;1,003;0;;1,003;0;;;;1,003;0;;1,003;0;;1,003;0;;;;1,003;0;;1,003;0;;1,003;0
0,2;0,9989;0,2;1,027;0,2;1,009;;;;;;1,167;0;;1,167;0;;1,167;0;;;;1,167;0;;1,167;0;;1,167;0;;;;1,167;0;;1,167;0;;1,167;0
0,2125;0,9921;0,2125;1,013;0,2125;1,004;;;;;;1,357;0;;1,357;0;;1,357;0;;;;1,357;0;;1,357;0;;1,357;0;;;;1,357;0;;1,357;0;;1,357;0
0,225;0,9924;0,225;1,007;0,225;0,9984;;;;;;1,578;0;;1,578;0;;1,578;0;;;;1,578;0;;1,578;0;;1,578;0;;;;1,578;0;;1,578;0;;1,578;0
0,2375;0,9871;0,2375;1,005;0,2375;1,002;;;;;;1,835;0;;1,835;0;;1,835;0;;;;1,835;0;;1,835;0;;1,835;0;;;;1,835;0;;1,835;0;;1,835;0
0,25;0,9932;0,25;1,005;0,25;1,001;;;;;;2,134;0;;2,134;0;;2,134;0;;;;2,134;0;;2,134;0;;2,134;0;;;;2,134;0;;2,134;0;;2,134;0
0,2625;0,9902;0,2625;1,01;0,2625;0,9991;;;;;;2,482;0;;2,482;0;;2,482;0;;;;2,482;0;;2,482;0;;2,482;0;;;;2,482;0;;2,482;0;;2,482;0
0,275;0,9924;0,275;1,01;0,275;0,9986;;;;;;2,886;0;;2,886;0;;2,886;0;;;;2,886;0;;2,886;0;;2,886;0;;;;2,886;0;;2,886;0;;2,886;0
0,2875;0,9852;0,2875;1,013;0,2875;0,9944;;;;;;3,357;0;;3,357;0;;3,357;0;;;;3,357;0;;3,357;0;;3,357;0;;;;3,357;0;;3,357;0;;3,357;0
0,3;0,9881;0,3;1,004;0,3;0,9972;;;;;;3,903;0;;3,903;0;;3,903;0;;;;3,903;0;;3,903;0;;3,903;0;;;;3,903;0;;3,903;0;;3,903;0
0,3125;0,9819;0,3125;1,007;0,3125;0,999;;;;;;4,539;0;;4,539;0;;4,539;0;;;;4,539;0;;4,539;0;;4,539;0;;;;4,539;0;;4,539;0;;4,539;0
0,325;0,9819;0,325;1,007;0,325;1,005;;;;;;5,279;0;;5,279;0;;5,279;0;;;;5,279;0;;5,279;0;;5,279;0;;;;5,279;0;;5,279;0;;5,279;0
0,3375;0,976;0,3375;1,013;0,3375;1,005;;;;;;6,139;0;;6,139;0;;6,139;0;;;;6,139;0;;6,139;0;;6,139;0;;;;6,139;0;;6,139;0;;6,139;0
0,35;0,9816;0,35;1,006;0,35;1;;;;;;7,139;0;;7,139;0;;7,139;0;;;;7,139;0;;7,139;0;;7,139;9,262;;;;7,139;0;;7,139;0;;7,139;4,885
0,3625;0,9795;0,3625;1,003;0,3625;0,997;;;;;;8,302;0;;8,302;0;;8,302;0,5276;;;;8,302;3,996;;8,302;0;;8,302;27,43;;;;8,302;1,803;;8,302;0;;8,302;17,16
0,375;0,9844;0,375;0,9982;0,375;0,9965;;;;;;9,655;0,2185;;9,655;0;;9,655;1,254;;;;9,655;18,24;;9,655;0;;9,655;31,7;;;;9,655;10,88;;9,655;0;;9,655;25,69
0,3875;0,9873;0,3875;0,996;0,3875;0,9964;;;;;;11,23;1,386;;11,23;0;;11,23;1,611;;;;11,23;31,58;;11,23;9,665;;11,23;19,79;;;;11,23;24,25;;11,23;5,561;;11,23;22,8
0,4;0,9899;0,4;0,9964;0,4;0,9942;;;;;;13,06;2,368;;13,06;1,191;;13,06;1,403;;;;13,06;27,27;;13,06;28,35;;13,06;8,292;;;;13,06;28,09;;13,06;19,28;;13,06;14,03
0,425;0,9854;0,425;0,9937;0,425;0,994;;;;;;15,18;2,353;;15,18;2,745;;15,18;0,866;;;;15,18;13,5;;15,18;32,22;;15,18;2,525;;;;15,18;19,89;;15,18;28,32;;15,18;6,38
0,45;0,9797;0,45;0,9943;0,45;0,9917;;;;;;17,66;1,469;;17,66;3,409;;17,66;0,4258;;;;17,66;4,379;;17,66;19,56;;17,66;0,6;;;;17,66;9,37;;17,66;24,37;;17,66;2,382
0,475;0,9767;0,475;0,9899;0,475;0,9912;;;;;;20,53;0,4639;;20,53;2,756;;20,53;0,4027;;;;20,53;0,9035;;20,53;7,786;;20,53;0,1686;;;;20,53;2,785;;20,53;14,11;;20,53;1,227
0,5;0,9735;0,5;0,9914;0,5;0,9892;;;;;;23,88;0;;23,88;1,334;;23,88;0,8212;;;;23,88;0,092;;23,88;2,08;;23,88;0,09998;;;;23,88;0,3993;;23,88;5,454;;23,88;1,241
0,525;0,9722;0,525;0,9916;0,525;0,9913;;;;;;27,77;0;;27,77;0,1847;;27,77;1,405;;;;27,77;0,000225;;27,77;0,3233;;27,77;0,07011;;;;27,77;0,003798;;27,77;1,204;;27,77;1,301
0,55;0,9703;0,55;0,9913;0,55;0,9893;;;;;;32,3;0,01704;;32,3;0;;32,3;1,752;;;;32,3;0,003194;;32,3;0,01631;;32,3;0,03904;;;;32,3;0,08046;;32,3;0,09028;;32,3;1,07
0,575;0,9716;0,575;0,9914;0,575;0,9914;;;;;;37,56;0,5115;;37,56;0;;37,56;1,589;;;;37,56;0,008431;;37,56;0;;37,56;0,01643;;;;37,56;0,2631;;37,56;0;;37,56;0,6656
0,6;0,9712;0,6;0,9868;0,6;0,9903;;;;;;43,68;1,246;;43,68;0;;43,68;0,9756;;;;43,68;0,00975;;43,68;0;;43,68;0,005068;;;;43,68;0,403;;43,68;0;;43,68;0,3011
0,625;0,9749;0,625;0,9848;0,625;0,9899;;;;;;50,79;1,76;;50,79;0;;50,79;0,3004;;;;50,79;0,00651;;50,79;0;;50,79;0,001035;;;;50,79;0,3872;;50,79;0;;50,79;0,08858
0,65;0,9759;0,65;0,9831;0,65;0,9887;;;;;;59,07;1,792;;59,07;0;;59,07;0;;;;59,07;0,003103;;59,07;0;;59,07;0,0001039;;;;59,07;0,2749;;59,07;0;;59,07;0,01255
0,675;0,9729;0,675;0,9885;0,675;0,987;;;;;;68,69;1,495;;68,69;0;;68,69;0;;;;68,69;0,001194;;68,69;0;;68,69;0;;;;68,69;0,1634;;68,69;0;;68,69;0
0,7;0,972;0,7;0,9858;0,7;0,9862;;;;;;79,88;1,396;;79,88;0;;79,88;0;;;;79,88;0,00046;;79,88;3,32E-05;;79,88;1,30E-05;;;;79,88;0,1051;;79,88;0,006883;;79,88;0,009608
0,725;0,9651;0,725;0,9869;0,725;0,9811;;;;;;92,89;2,145;;92,89;0,4519;;92,89;1,236;;;;92,89;0,0002554;;92,89;0,0002387;;92,89;5,04E-05;;;;92,89;0,1015;;92,89;0,06989;;92,89;0,04759
0,75;0,9707;0,75;0,9847;0,75;0,981;;;;;;108;4,171;;108;5,196;;108;5,148;;;;108;0,0002053;;108;0,0005926;;108;8,80E-05;;;;108;0,1327;;108;0,2292;;108;0,1142
0,775;0,9724;0,775;0,9911;0,775;0,9773;;;;;;125,6;7,384;;125,6;12,93;;125,6;11,01;;;;125,6;0,0001844;;125,6;0,0008094;;125,6;0,0001018;;;;125,6;0,1892;;125,6;0,4435;;125,6;0,1958
0,8;0,976;0,8;0,9881;0,8;0,9779;;;;;;146,1;11,08;;146,1;19,72;;146,1;16,59;;;;146,1;0,0001385;;146,1;0,0006606;;146,1;8,01E-05;;;;146,1;0,1974;;146,1;0,4835;;146,1;0,2092
0,85;0,9693;0,85;0,9832;0,85;0,9775;;;;;;169,9;14,08;;169,9;21,69;;169,9;19,28;;;;169,9;6,06E-05;;169,9;0,000278;;169,9;3,41E-05;;;;169,9;0,1145;;169,9;0,2631;;169,9;0,1163
0,9;0,9648;0,9;0,9778;0,9;0,9808;;;;;;197,6;15,19;;197,6;17,42;;197,6;17,45;;;;197,6;1,43E-05;;197,6;5,09E-05;;197,6;6,88E-06;;;;197,6;0,0478;;197,6;0,08153;;197,6;0,04039
0,95;0,9604;0,95;0,9767;0,95;0,9835;;;;;;229,8;13,67;;229,8;9,117;;229,8;11,54;;;;229,8;5,92E-06;;229,8;1,37E-05;;229,8;2,19E-06;;;;229,8;0,03165;;229,8;0,0333;;229,8;0,01995
1;0,9608;1;0,9771;1;0,9812;;;;;;267,2;9,773;;267,2;1,864;;267,2;4,404;;;;267,2;2,58E-06;;267,2;2,86E-06;;267,2;6,09E-07;;;;267,2;0,02138;;267,2;0,009995;;267,2;0,008068
1,05;0,9562;1,05;0,9783;1,05;0,9785;;;;;;310,7;4,896;;310,7;0;;310,7;0;;;;310,7;9,92E-07;;310,7;2,92E-07;;310,7;9,86E-08;;;;310,7;0,01212;;310,7;0,001438;;310,7;0,001734
1,1;0,9578;1,1;0,979;1,1;0,9756;;;;;;361,3;1,137;;361,3;0;;361,3;0;;;;361,3;2,65E-07;;361,3;0;;361,3;0;;;;361,3;0,004566;;361,3;0;;361,3;0
1,15;0,9552;1,15;0,9791;1,15;0,976;;;;;;420,2;0;;420,2;0;;420,2;0;;;;420,2;3,39E-08;;420,2;0;;420,2;0;;;;420,2;0,000801;;420,2;0;;420,2;0
1,2;0,9584;1,2;0,9778;1,2;0,974;;;;;;488,7;0;;488,7;0;;488,7;0;;;;488,7;0;;488,7;0;;488,7;0;;;;488,7;0;;488,7;0;;488,7;0
1,25;0,9604;1,25;0,978;1,25;0,9718;;;;;;568,3;0;;568,3;0;;568,3;0;;;;568,3;0;;568,3;0;;568,3;0;;;;568,3;0;;568,3;0;;568,3;0
1,3;0,9634;1,3;0,9772;1,3;0,9713;;;;;;660,9;0;;660,9;0;;660,9;0;;;;660,9;0;;660,9;0;;660,9;0;;;;660,9;0;;660,9;0;;660,9;0
1,35;0,9622;1,35;0,9774;1,35;0,9709;;;;;;768,5;0;;768,5;0;;768,5;0;;;;768,5;0;;768,5;0;;768,5;0;;;;768,5;0;;768,5;0;;768,5;0
1,4;0,9581;1,4;0,9711;1,4;0,9712;;;;;;893,8;0;;893,8;0;;893,8;0;;;;893,8;0;;893,8;0;;893,8;0;;;;893,8;0;;893,8;0;;893,8;0
1,45;0,9548;1,45;0,9676;1,45;0,9677;;;;;;1039;0;;1039;0;;1039;0;;;;1039;0;;1039;0;;1039;0;;;;1039;0;;1039;0;;1039;0
1,5;0,9555;1,5;0,9618;1,5;0,9666;;;;;;1209;0;;1209;0;;1209;0;;;;1209;0;;1209;0;;1209;0;;;;1209;0;;1209;0;;1209;0
1,55;0,9544;1,55;0,9619;1,55;0,9656;;;;;;1406;0;;1406;0;;1406;0;;;;1406;0;;1406;0;;1406;0;;;;1406;0;;1406;0;;1406;0
1,6;0,9542;1,6;0,9626;1,6;0,9666;;;;;;1635;0;;1635;0;;1635;0;;;;1635;0;;1635;0;;1635;0;;;;1635;0;;1635;0;;1635;0
1,7;0,9497;1,7;0,967;1,7;0,9658;;;;;;1901;0;;1901;0;;1901;0;;;;1901;0;;1901;0;;1901;0;;;;1901;0;;1901;0;;1901;0
1,8;0,9492;1,8;0,9687;1,8;0,9637;;;;;;2211;0;;2211;0;;2211;0;;;;2211;0;;2211;0;;2211;0;;;;2211;0;;2211;0;;2211;0
1,9;0,9483;1,9;0,9657;1,9;0,9626;;;;;;2571;0;;2571;0;;2571;0;;;;2571;0;;2571;0;;2571;0;;;;2571;0;;2571;0;;2571;0
2;0,9452;2;0,9623;2;0,9606;;;;;;2990;0;;2990;0;;2990;0;;;;2990;0;;2990;0;;2990;0;;;;2990;0;;2990;0;;2990;0
2,1;0,9434;2,1;0,9585;2,1;0,9592;;;;;;3477;0;;3477;0;;3477;0;;;;3477;0;;3477;0;;3477;0;;;;3477;0;;3477;0;;3477;0
2,2;0,9403;2,2;0,9574;2,2;0,9572;;;;;;4043;0;;4043;0;;4043;0;;;;4043;0;;4043;0;;4043;0;;;;4043;0;;4043;0;;4043;0
2,3;0,9387;2,3;0,9543;2,3;0,9538;;;;;;4702;0;;4702;0;;4702;0;;;;4702;0;;4702;0;;4702;0;;;;4702;0;;4702;0;;4702;0
2,4;0,9371;2,4;0,9519;2,4;0,952;;;;;;5468;0;;5468;0;;5468;0;;;;5468;0;;5468;0;;5468;0;;;;5468;0;;5468;0;;5468;0
2,5;0,9358;2,5;0,9488;2,5;0,9501;;;;;;6358;0;;6358;0;;6358;0;;;;6358;0;;6358;0;;6358;0;;;;6358;0;;6358;0;;6358;0
2,6;0,9359;2,6;0,948;2,6;0,9479;;;;;;7394;0;;7394;0;;7394;0;;;;7394;0;;7394;0;;7394;0;;;;7394;0;;7394;0;;7394;0
2,7;0,9337;2,7;0,9453;2,7;0,9463;;;;;;8599;0;;8599;0;;8599;0;;;;8599;0;;8599;0;;8599;0;;;;8599;0;;8599;0;;8599;0
2,8;0,9316;2,8;0,9442;2,8;0,9441;;;;;;1,00E+04;0;;1,00E+04;0;;1,00E+04;0;;;;1,00E+04;0;;1,00E+04;0;;1,00E+04;0;;;;1,00E+04;0;;1,00E+04;0;;1,00E+04;0
2,9;0,928;2,9;0,9421;2,9;0,9436;;;;;;;;;;;;;;;;;;;;;;;;;;;;;;;;;;;
3;0,9262;3;0,9441;3;0,9424;;;;;;;;;;;;;;;;;;;;;;;;;;;;;;;;;;;
3,1;0,9227;3,1;0,9421;3,1;0,9414;;;;;;;;;;;;;;;;;;;;;;;;;;;;;;;;;;;
3,2;0,9227;3,2;0,9424;3,2;0,9408;;;;;;;;;;;;;;;;;;;;;;;;;;;;;;;;;;;
3,4;0,9218;3,4;0,9397;3,4;0,936;;;;;;;;;;;;;;;;;;;;;;;;;;;;;;;;;;;
3,6;0,9195;3,6;0,9366;3,6;0,9326;;;;;;;;;;;;;;;;;;;;;;;;;;;;;;;;;;;
3,8;0,9143;3,8;0,934;3,8;0,9282;;;;;;;;;;;;;;;;;;;;;;;;;;;;;;;;;;;
4;0,9103;4;0,9289;4;0,9268;;;;;;;;;;;;;;;;;;;;;;;;;;;;;;;;;;;
4,2;0,9083;4,2;0,927;4,2;0,9234;;;;;;;;;;;;;;;;;;;;;;;;;;;;;;;;;;;
4,4;0,9059;4,4;0,9241;4,4;0,9204;;;;;;;;;;;;;;;;;;;;;;;;;;;;;;;;;;;
4,6;0,9028;4,6;0,9228;4,6;0,917;;;;;;;;;;;;;;;;;;;;;;;;;;;;;;;;;;;
4,8;0,9003;4,8;0,9186;4,8;0,9139;;;;;;;;;;;;;;;;;;;;;;;;;;;;;;;;;;;
5;0,8978;5;0,915;5;0,9106;;;;;;;;;;;;;;;;;;;;;;;;;;;;;;;;;;;
5,2;0,8944;5,2;0,91;5,2;0,9078;;;;;;;;;;;;;;;;;;;;;;;;;;;;;;;;;;;
5,4;0,8902;5,4;0,907;5,4;0,9051;;;;;;;;;;;;;;;;;;;;;;;;;;;;;;;;;;;
5,6;0,8879;5,6;0,9027;5,6;0,9025;;;;;;;;;;;;;;;;;;;;;;;;;;;;;;;;;;;
5,8;0,8849;5,8;0,9022;5,8;0,899;;;;;;;;;;;;;;;;;;;;;;;;;;;;;;;;;;;
6;0,8838;6;0,8989;6;0,8973;;;;;;;;;;;;;;;;;;;;;;;;;;;;;;;;;;;
6,2;0,8812;6,2;0,8973;6,2;0,8949;;;;;;;;;;;;;;;;;;;;;;;;;;;;;;;;;;;
6,4;0,8793;6,4;0,8923;6,4;0,8928;;;;;;;;;;;;;;;;;;;;;;;;;;;;;;;;;;;
6,8;0,8721;6,8;0,8873;6,8;0,886;;;;;;;;;;;;;;;;;;;;;;;;;;;;;;;;;;;
7,2;0,8654;7,2;0,8813;7,2;0,8802;;;;;;;;;;;;;;;;;;;;;;;;;;;;;;;;;;;
7,6;0,8589;7,6;0,8764;7,6;0,8745;;;;;;;;;;;;;;;;;;;;;;;;;;;;;;;;;;;
8;0,8534;8;0,8715;8;0,8688;;;;;;;;;;;;;;;;;;;;;;;;;;;;;;;;;;;
8,4;0,8487;8,4;0,8672;8,4;0,8628;;;;;;;;;;;;;;;;;;;;;;;;;;;;;;;;;;;
8,8;0,8438;8,8;0,8628;8,8;0,8586;;;;;;;;;;;;;;;;;;;;;;;;;;;;;;;;;;;
9,2;0,8385;9,2;0,8568;9,2;0,854;;;;;;;;;;;;;;;;;;;;;;;;;;;;;;;;;;;
9,6;0,8333;9,6;0,8512;9,6;0,8498;;;;;;;;;;;;;;;;;;;;;;;;;;;;;;;;;;;
10;0,8284;10;0,8457;10;0,8443;;;;;;;;;;;;;;;;;;;;;;;;;;;;;;;;;;;
10,4;0,8245;10,4;0,8413;10,4;0,8393;;;;;;;;;;;;;;;;;;;;;;;;;;;;;;;;;;;
10,8;0,8191;10,8;0,8368;10,8;0,8348;;;;;;;;;;;;;;;;;;;;;;;;;;;;;;;;;;;
11,2;0,8147;11,2;0,8332;11,2;0,8318;;;;;;;;;;;;;;;;;;;;;;;;;;;;;;;;;;;
11,6;0,8099;11,6;0,8286;11,6;0,8272;;;;;;;;;;;;;;;;;;;;;;;;;;;;;;;;;;;
12;0,8066;12;0,8244;12;0,8229;;;;;;;;;;;;;;;;;;;;;;;;;;;;;;;;;;;
12,4;0,8011;12,4;0,8193;12,4;0,8171;;;;;;;;;;;;;;;;;;;;;;;;;;;;;;;;;;;
12,8;0,7963;12,8;0,8151;12,8;0,8135;;;;;;;;;;;;;;;;;;;;;;;;;;;;;;;;;;;
13,6;0,787;13,6;0,806;13,6;0,8049;;;;;;;;;;;;;;;;;;;;;;;;;;;;;;;;;;;
14,4;0,7803;14,4;0,7975;14,4;0,7968;;;;;;;;;;;;;;;;;;;;;;;;;;;;;;;;;;;
15,2;0,7723;15,2;0,7899;15,2;0,7888;;;;;;;;;;;;;;;;;;;;;;;;;;;;;;;;;;;
16;0,7642;16;0,7823;16;0,7805;;;;;;;;;;;;;;;;;;;;;;;;;;;;;;;;;;;
16,8;0,7556;16,8;0,7738;16,8;0,7728;;;;;;;;;;;;;;;;;;;;;;;;;;;;;;;;;;;
17,6;0,7486;17,6;0,7657;17,6;0,7652;;;;;;;;;;;;;;;;;;;;;;;;;;;;;;;;;;;
18,4;0,7402;18,4;0,7574;18,4;0,7582;;;;;;;;;;;;;;;;;;;;;;;;;;;;;;;;;;;
19,2;0,7335;19,2;0,7502;19,2;0,7517;;;;;;;;;;;;;;;;;;;;;;;;;;;;;;;;;;;
20;0,726;20;0,7432;20;0,7449;;;;;;;;;;;;;;;;;;;;;;;;;;;;;;;;;;;
20,8;0,72;20,8;0,7369;20,8;0,7383;;;;;;;;;;;;;;;;;;;;;;;;;;;;;;;;;;;
21,6;0,7139;21,6;0,7314;21,6;0,7312;;;;;;;;;;;;;;;;;;;;;;;;;;;;;;;;;;;
22,4;0,7076;22,4;0,7253;22,4;0,7244;;;;;;;;;;;;;;;;;;;;;;;;;;;;;;;;;;;
23,2;0,7012;23,2;0,719;23,2;0,7176;;;;;;;;;;;;;;;;;;;;;;;;;;;;;;;;;;;
24;0,6936;24;0,7128;24;0,7114;;;;;;;;;;;;;;;;;;;;;;;;;;;;;;;;;;;
24,8;0,6869;24,8;0,7066;24,8;0,7055;;;;;;;;;;;;;;;;;;;;;;;;;;;;;;;;;;;
25,6;0,6805;25,6;0,7001;25,6;0,7;;;;;;;;;;;;;;;;;;;;;;;;;;;;;;;;;;;
27,2;0,6696;27,2;0,6875;27,2;0,6882;;;;;;;;;;;;;;;;;;;;;;;;;;;;;;;;;;;
28,8;0,6585;28,8;0,6759;28,8;0,6767;;;;;;;;;;;;;;;;;;;;;;;;;;;;;;;;;;;
30,4;0,6477;30,4;0,6652;30,4;0,6659;;;;;;;;;;;;;;;;;;;;;;;;;;;;;;;;;;;
32;0,637;32;0,6544;32;0,6552;;;;;;;;;;;;;;;;;;;;;;;;;;;;;;;;;;;
33,6;0,6264;33,6;0,6444;33,6;0,6448;;;;;;;;;;;;;;;;;;;;;;;;;;;;;;;;;;;
35,2;0,616;35,2;0,6349;35,2;0,6349;;;;;;;;;;;;;;;;;;;;;;;;;;;;;;;;;;;
36,8;0,6061;36,8;0,6251;36,8;0,6258;;;;;;;;;;;;;;;;;;;;;;;;;;;;;;;;;;;
38,4;0,5968;38,4;0,6151;38,4;0,6166;;;;;;;;;;;;;;;;;;;;;;;;;;;;;;;;;;;
40;0,5878;40;0,6059;40;0,6073;;;;;;;;;;;;;;;;;;;;;;;;;;;;;;;;;;;
41,6;0,5789;41,6;0,5975;41,6;0,5983;;;;;;;;;;;;;;;;;;;;;;;;;;;;;;;;;;;
43,2;0,5699;43,2;0,5884;43,2;0,5899;;;;;;;;;;;;;;;;;;;;;;;;;;;;;;;;;;;
44,8;0,5613;44,8;0,5805;44,8;0,5817;;;;;;;;;;;;;;;;;;;;;;;;;;;;;;;;;;;
46,4;0,5529;46,4;0,5716;46,4;0,5732;;;;;;;;;;;;;;;;;;;;;;;;;;;;;;;;;;;
48;0,5453;48;0,5644;48;0,565;;;;;;;;;;;;;;;;;;;;;;;;;;;;;;;;;;;
49,6;0,5379;49,6;0,5564;49,6;0,557;;;;;;;;;;;;;;;;;;;;;;;;;;;;;;;;;;;
51,2;0,5307;51,2;0,5491;51,2;0,5497;;;;;;;;;;;;;;;;;;;;;;;;;;;;;;;;;;;
54,4;0,5161;54,4;0,5349;54,4;0,5354;;;;;;;;;;;;;;;;;;;;;;;;;;;;;;;;;;;
57,6;0,5018;57,6;0,5205;57,6;0,5214;;;;;;;;;;;;;;;;;;;;;;;;;;;;;;;;;;;
60,8;0,4884;60,8;0,507;60,8;0,5081;;;;;;;;;;;;;;;;;;;;;;;;;;;;;;;;;;;
64;0,4753;64;0,4936;64;0,495;;;;;;;;;;;;;;;;;;;;;;;;;;;;;;;;;;;
67,2;0,4627;67,2;0,4818;67,2;0,4825;;;;;;;;;;;;;;;;;;;;;;;;;;;;;;;;;;;
70,4;0,4504;70,4;0,4699;70,4;0,4703;;;;;;;;;;;;;;;;;;;;;;;;;;;;;;;;;;;
73,6;0,439;73,6;0,459;73,6;0,4588;;;;;;;;;;;;;;;;;;;;;;;;;;;;;;;;;;;
76,8;0,4276;76,8;0,4479;76,8;0,4479;;;;;;;;;;;;;;;;;;;;;;;;;;;;;;;;;;;
80;0,4169;80;0,4376;80;0,4374;;;;;;;;;;;;;;;;;;;;;;;;;;;;;;;;;;;
83,2;0,4067;83,2;0,4272;83,2;0,4271;;;;;;;;;;;;;;;;;;;;;;;;;;;;;;;;;;;
86,4;0,397;86,4;0,4173;86,4;0,4171;;;;;;;;;;;;;;;;;;;;;;;;;;;;;;;;;;;
89,6;0,3874;89,6;0,4074;89,6;0,4073;;;;;;;;;;;;;;;;;;;;;;;;;;;;;;;;;;;
92,8;0,378;92,8;0,3982;92,8;0,3982;;;;;;;;;;;;;;;;;;;;;;;;;;;;;;;;;;;
96;0,3693;96;0,3895;96;0,3894;;;;;;;;;;;;;;;;;;;;;;;;;;;;;;;;;;;
99,2;0,3608;99,2;0,381;99,2;0,3813;;;;;;;;;;;;;;;;;;;;;;;;;;;;;;;;;;;
102,4;0,3527;102,4;0,3729;102,4;0,3732;;;;;;;;;;;;;;;;;;;;;;;;;;;;;;;;;;;
108,8;0,3369;108,8;0,3571;108,8;0,3576;;;;;;;;;;;;;;;;;;;;;;;;;;;;;;;;;;;
115,2;0,3223;115,2;0,3427;115,2;0,3425;;;;;;;;;;;;;;;;;;;;;;;;;;;;;;;;;;;
121,6;0,3088;121,6;0,3291;121,6;0,3288;;;;;;;;;;;;;;;;;;;;;;;;;;;;;;;;;;;
128;0,2961;128;0,3164;128;0,3161;;;;;;;;;;;;;;;;;;;;;;;;;;;;;;;;;;;
134,4;0,2838;134,4;0,3044;134,4;0,3044;;;;;;;;;;;;;;;;;;;;;;;;;;;;;;;;;;;
140,8;0,2721;140,8;0,2932;140,8;0,2933;;;;;;;;;;;;;;;;;;;;;;;;;;;;;;;;;;;
147,2;0,2613;147,2;0,2826;147,2;0,2827;;;;;;;;;;;;;;;;;;;;;;;;;;;;;;;;;;;
153,6;0,2514;153,6;0,2728;153,6;0,2728;;;;;;;;;;;;;;;;;;;;;;;;;;;;;;;;;;;
160;0,2423;160;0,2634;160;0,2634;;;;;;;;;;;;;;;;;;;;;;;;;;;;;;;;;;;
166,4;0,2336;166,4;0,2543;166,4;0,2548;;;;;;;;;;;;;;;;;;;;;;;;;;;;;;;;;;;
172,8;0,2257;172,8;0,2458;172,8;0,2468;;;;;;;;;;;;;;;;;;;;;;;;;;;;;;;;;;;
179,2;0,2181;179,2;0,238;179,2;0,2392;;;;;;;;;;;;;;;;;;;;;;;;;;;;;;;;;;;
185,6;0,2109;185,6;0,2312;185,6;0,232;;;;;;;;;;;;;;;;;;;;;;;;;;;;;;;;;;;
192;0,204;192;0,2241;192;0,225;;;;;;;;;;;;;;;;;;;;;;;;;;;;;;;;;;;
198,4;0,1974;198,4;0,2172;198,4;0,2184;;;;;;;;;;;;;;;;;;;;;;;;;;;;;;;;;;;
204,8;0,1915;204,8;0,2107;204,8;0,2123;;;;;;;;;;;;;;;;;;;;;;;;;;;;;;;;;;;
217,6;0,1803;217,6;0,1991;217,6;0,201;;;;;;;;;;;;;;;;;;;;;;;;;;;;;;;;;;;
230,4;0,1702;230,4;0,1885;230,4;0,1906;;;;;;;;;;;;;;;;;;;;;;;;;;;;;;;;;;;
243,2;0,1611;243,2;0,1789;243,2;0,1814;;;;;;;;;;;;;;;;;;;;;;;;;;;;;;;;;;;
256;0,1526;256;0,1702;256;0,1728;;;;;;;;;;;;;;;;;;;;;;;;;;;;;;;;;;;
268,8;0,1449;268,8;0,1624;268,8;0,165;;;;;;;;;;;;;;;;;;;;;;;;;;;;;;;;;;;
281,6;0,1379;281,6;0,1552;281,6;0,1577;;;;;;;;;;;;;;;;;;;;;;;;;;;;;;;;;;;
294,4;0,1316;294,4;0,1487;294,4;0,1512;;;;;;;;;;;;;;;;;;;;;;;;;;;;;;;;;;;
307,2;0,1258;307,2;0,1429;307,2;0,1455;;;;;;;;;;;;;;;;;;;;;;;;;;;;;;;;;;;
320;0,1202;320;0,1376;320;0,1404;;;;;;;;;;;;;;;;;;;;;;;;;;;;;;;;;;;
332,8;0,115;332,8;0,1328;332,8;0,1358;;;;;;;;;;;;;;;;;;;;;;;;;;;;;;;;;;;
345,6;0,1105;345,6;0,128;345,6;0,1315;;;;;;;;;;;;;;;;;;;;;;;;;;;;;;;;;;;
358,4;0,1062;358,4;0,1237;358,4;0,1275;;;;;;;;;;;;;;;;;;;;;;;;;;;;;;;;;;;
371,2;0,1025;371,2;0,1198;371,2;0,1237;;;;;;;;;;;;;;;;;;;;;;;;;;;;;;;;;;;
384;0,09899;384;0,1165;384;0,1203;;;;;;;;;;;;;;;;;;;;;;;;;;;;;;;;;;;
396,8;0,09579;396,8;0,1132;396,8;0,1169;;;;;;;;;;;;;;;;;;;;;;;;;;;;;;;;;;;
409,6;0,09282;409,6;0,1105;409,6;0,1139;;;;;;;;;;;;;;;;;;;;;;;;;;;;;;;;;;;
435,2;0,08749;435,2;0,1055;435,2;0,1081;;;;;;;;;;;;;;;;;;;;;;;;;;;;;;;;;;;
460,8;0,08275;460,8;0,1014;460,8;0,1031;;;;;;;;;;;;;;;;;;;;;;;;;;;;;;;;;;;
486,4;0,07854;486,4;0,09739;486,4;0,09876;;;;;;;;;;;;;;;;;;;;;;;;;;;;;;;;;;;
512;0,07503;512;0,09319;512;0,09502;;;;;;;;;;;;;;;;;;;;;;;;;;;;;;;;;;;
537,6;0,07192;537,6;0,0891;537,6;0,09158;;;;;;;;;;;;;;;;;;;;;;;;;;;;;;;;;;;
563,2;0,06896;563,2;0,0853;563,2;0,08849;;;;;;;;;;;;;;;;;;;;;;;;;;;;;;;;;;;
588,8;0,06611;588,8;0,0821;588,8;0,08561;;;;;;;;;;;;;;;;;;;;;;;;;;;;;;;;;;;
614,4;0,06392;614,4;0,07916;614,4;0,08318;;;;;;;;;;;;;;;;;;;;;;;;;;;;;;;;;;;
640;0,06208;640;0,07688;640;0,08092;;;;;;;;;;;;;;;;;;;;;;;;;;;;;;;;;;;
665,6;0,06041;665,6;0,07494;665,6;0,07898;;;;;;;;;;;;;;;;;;;;;;;;;;;;;;;;;;;
691,2;0,05823;691,2;0,07352;691,2;0,07707;;;;;;;;;;;;;;;;;;;;;;;;;;;;;;;;;;;
716,8;0,05616;716,8;0,07244;716,8;0,07527;;;;;;;;;;;;;;;;;;;;;;;;;;;;;;;;;;;
742,4;0,05423;742,4;0,07148;742,4;0,07355;;;;;;;;;;;;;;;;;;;;;;;;;;;;;;;;;;;
768;0,05253;768;0,07027;768;0,07184;;;;;;;;;;;;;;;;;;;;;;;;;;;;;;;;;;;
793,6;0,05112;793,6;0,06884;793,6;0,07025;;;;;;;;;;;;;;;;;;;;;;;;;;;;;;;;;;;
819,2;0,04974;819,2;0,06769;819,2;0,06914;;;;;;;;;;;;;;;;;;;;;;;;;;;;;;;;;;;
870,4;0,04773;870,4;0,06608;870,4;0,0678;;;;;;;;;;;;;;;;;;;;;;;;;;;;;;;;;;;
921,6;0,04596;921,6;0,06477;921,6;0,06655;;;;;;;;;;;;;;;;;;;;;;;;;;;;;;;;;;;
972,8;0,04465;972,8;0,06414;972,8;0,06491;;;;;;;;;;;;;;;;;;;;;;;;;;;;;;;;;;;
1024;0,04365;1024;0,064;1024;0,06331;;;;;;;;;;;;;;;;;;;;;;;;;;;;;;;;;;;
1075;0,04294;1075;0,06405;1075;0,06202;;;;;;;;;;;;;;;;;;;;;;;;;;;;;;;;;;;
1126;0,04254;1126;0,06374;1126;0,06106;;;;;;;;;;;;;;;;;;;;;;;;;;;;;;;;;;;
1178;0,04252;1178;0,06277;1178;0,06007;;;;;;;;;;;;;;;;;;;;;;;;;;;;;;;;;;;
1229;0,04261;1229;0,06181;1229;0,05958;;;;;;;;;;;;;;;;;;;;;;;;;;;;;;;;;;;
1280;0,04262;1280;0,06067;1280;0,05936;;;;;;;;;;;;;;;;;;;;;;;;;;;;;;;;;;;
1331;0,04263;1331;0,06002;1331;0,05958;;;;;;;;;;;;;;;;;;;;;;;;;;;;;;;;;;;
1382;0,04223;1382;0,05946;1382;0,05968;;;;;;;;;;;;;;;;;;;;;;;;;;;;;;;;;;;
1434;0,04225;1434;0,05927;1434;0,05962;;;;;;;;;;;;;;;;;;;;;;;;;;;;;;;;;;;
1485;0,04213;1485;0,05873;1485;0,0593;;;;;;;;;;;;;;;;;;;;;;;;;;;;;;;;;;;
1536;0,04261;1536;0,05846;1536;0,05861;;;;;;;;;;;;;;;;;;;;;;;;;;;;;;;;;;;
1587;0,04281;1587;0,05853;1587;0,05802;;;;;;;;;;;;;;;;;;;;;;;;;;;;;;;;;;;
1638;0,04271;1638;0,05841;1638;0,05749;;;;;;;;;;;;;;;;;;;;;;;;;;;;;;;;;;;
1741;0,0415;1741;0,05728;1741;0,05721;;;;;;;;;;;;;;;;;;;;;;;;;;;;;;;;;;;
1843;0,04079;1843;0,05554;1843;0,05672;;;;;;;;;;;;;;;;;;;;;;;;;;;;;;;;;;;
1946;0,04041;1946;0,05434;1946;0,05596;;;;;;;;;;;;;;;;;;;;;;;;;;;;;;;;;;;
2048;0,04028;2048;0,05363;2048;0,05499;;;;;;;;;;;;;;;;;;;;;;;;;;;;;;;;;;;
2150;0,03911;2150;0,0536;2150;0,05456;;;;;;;;;;;;;;;;;;;;;;;;;;;;;;;;;;;
2253;0,0376;2253;0,05381;2253;0,05476;;;;;;;;;;;;;;;;;;;;;;;;;;;;;;;;;;;
2355;0,03668;2355;0,05455;2355;0,05496;;;;;;;;;;;;;;;;;;;;;;;;;;;;;;;;;;;
2458;0,03684;2458;0,05496;2458;0,05497;;;;;;;;;;;;;;;;;;;;;;;;;;;;;;;;;;;
2560;0,03728;2560;0,05464;2560;0,05448;;;;;;;;;;;;;;;;;;;;;;;;;;;;;;;;;;;
2662;0,03747;2662;0,05348;2662;0,0539;;;;;;;;;;;;;;;;;;;;;;;;;;;;;;;;;;;
2765;0,03778;2765;0,05255;2765;0,05333;;;;;;;;;;;;;;;;;;;;;;;;;;;;;;;;;;;
2867;0,03812;2867;0,05229;2867;0,05295;;;;;;;;;;;;;;;;;;;;;;;;;;;;;;;;;;;
2970;0,03843;2970;0,0528;2970;0,05299;;;;;;;;;;;;;;;;;;;;;;;;;;;;;;;;;;;
3072;0,03749;3072;0,05375;3072;0,05391;;;;;;;;;;;;;;;;;;;;;;;;;;;;;;;;;;;
3174;0,03559;3174;0,05445;3174;0,05504;;;;;;;;;;;;;;;;;;;;;;;;;;;;;;;;;;;
3277;0,03387;3277;0,05446;3277;0,05548;;;;;;;;;;;;;;;;;;;;;;;;;;;;;;;;;;;
3482;0,03225;3482;0,05338;3482;0,05398;;;;;;;;;;;;;;;;;;;;;;;;;;;;;;;;;;;
3686;0,03224;3686;0,05229;3686;0,05225;;;;;;;;;;;;;;;;;;;;;;;;;;;;;;;;;;;
3891;0,0325;3891;0,05127;3891;0,05109;;;;;;;;;;;;;;;;;;;;;;;;;;;;;;;;;;;
4096;0,03237;4096;0,05023;4096;0,05061;;;;;;;;;;;;;;;;;;;;;;;;;;;;;;;;;;;
4301;0,0322;4301;0,05013;4301;0,05011;;;;;;;;;;;;;;;;;;;;;;;;;;;;;;;;;;;
4506;0,03185;4506;0,05068;4506;0,04969;;;;;;;;;;;;;;;;;;;;;;;;;;;;;;;;;;;
4710;0,03203;4710;0,05093;4710;0,04967;;;;;;;;;;;;;;;;;;;;;;;;;;;;;;;;;;;
4915;0,03311;4915;0,05121;4915;0,04975;;;;;;;;;;;;;;;;;;;;;;;;;;;;;;;;;;;
5120;0,03398;5120;0,05175;5120;0,04944;;;;;;;;;;;;;;;;;;;;;;;;;;;;;;;;;;;
5325;0,0339;5325;0,05184;5325;0,04915;;;;;;;;;;;;;;;;;;;;;;;;;;;;;;;;;;;
5530;0,0325;5530;0,05057;5530;0,04847;;;;;;;;;;;;;;;;;;;;;;;;;;;;;;;;;;;
5734;0,03215;5734;0,04863;5734;0,04768;;;;;;;;;;;;;;;;;;;;;;;;;;;;;;;;;;;
5939;0,03259;5939;0,04799;5939;0,04649;;;;;;;;;;;;;;;;;;;;;;;;;;;;;;;;;;;
6144;0,0331;6144;0,04841;6144;0,04611;;;;;;;;;;;;;;;;;;;;;;;;;;;;;;;;;;;
6349;0,03236;6349;0,04894;6349;0,04565;;;;;;;;;;;;;;;;;;;;;;;;;;;;;;;;;;;
6554;0,03175;6554;0,04921;6554;0,0458;;;;;;;;;;;;;;;;;;;;;;;;;;;;;;;;;;;
6963;0,0315;6963;0,04896;6963;0,0452;;;;;;;;;;;;;;;;;;;;;;;;;;;;;;;;;;;
7373;0,03165;7373;0,04803;7373;0,04483;;;;;;;;;;;;;;;;;;;;;;;;;;;;;;;;;;;
7782;0,03095;7782;0,04682;7782;0,04382;;;;;;;;;;;;;;;;;;;;;;;;;;;;;;;;;;;
8192;0,02993;8192;0,04561;8192;0,04364;;;;;;;;;;;;;;;;;;;;;;;;;;;;;;;;;;;
8602;0,02968;8602;0,0451;8602;0,04397;;;;;;;;;;;;;;;;;;;;;;;;;;;;;;;;;;;
9011;0,02973;9011;0,04489;9011;0,0434;;;;;;;;;;;;;;;;;;;;;;;;;;;;;;;;;;;
9421;0,02958;9421;0,04521;9421;0,04254;;;;;;;;;;;;;;;;;;;;;;;;;;;;;;;;;;;
9830;0,02882;9830;0,0456;9830;0,04108;;;;;;;;;;;;;;;;;;;;;;;;;;;;;;;;;;;
1,02E+04;0,02802;1,02E+04;0,04522;1,02E+04;0,04013;;;;;;;;;;;;;;;;;;;;;;;;;;;;;;;;;;;
1,07E+04;0,02688;1,07E+04;0,04415;1,07E+04;0,0388;;;;;;;;;;;;;;;;;;;;;;;;;;;;;;;;;;;
1,11E+04;0,0259;1,11E+04;0,04304;1,11E+04;0,03766;;;;;;;;;;;;;;;;;;;;;;;;;;;;;;;;;;;
1,15E+04;0,02575;1,15E+04;0,04269;1,15E+04;0,0371;;;;;;;;;;;;;;;;;;;;;;;;;;;;;;;;;;;
1,19E+04;0,02561;1,19E+04;0,04214;1,19E+04;0,03744;;;;;;;;;;;;;;;;;;;;;;;;;;;;;;;;;;;
1,23E+04;0,02501;1,23E+04;0,04153;1,23E+04;0,03781;;;;;;;;;;;;;;;;;;;;;;;;;;;;;;;;;;;
1,27E+04;0,02406;1,27E+04;0,04044;1,27E+04;0,03866;;;;;;;;;;;;;;;;;;;;;;;;;;;;;;;;;;;
1,31E+04;0,02383;1,31E+04;0,03938;1,31E+04;0,03862;;;;;;;;;;;;;;;;;;;;;;;;;;;;;;;;;;;
1,39E+04;0,02417;1,39E+04;0,03781;1,39E+04;0,03829;;;;;;;;;;;;;;;;;;;;;;;;;;;;;;;;;;;
1,48E+04;0,02402;1,48E+04;0,03656;1,48E+04;0,03714;;;;;;;;;;;;;;;;;;;;;;;;;;;;;;;;;;;
1,56E+04;0,02292;1,56E+04;0,03766;1,56E+04;0,03559;;;;;;;;;;;;;;;;;;;;;;;;;;;;;;;;;;;
1,64E+04;0,02147;1,64E+04;0,03763;1,64E+04;0,03428;;;;;;;;;;;;;;;;;;;;;;;;;;;;;;;;;;;
1,72E+04;0,02108;1,72E+04;0,03711;1,72E+04;0,03375;;;;;;;;;;;;;;;;;;;;;;;;;;;;;;;;;;;
1,80E+04;0,02107;1,80E+04;0,03604;1,80E+04;0,03406;;;;;;;;;;;;;;;;;;;;;;;;;;;;;;;;;;;
1,88E+04;0,02107;1,88E+04;0,03455;1,88E+04;0,03369;;;;;;;;;;;;;;;;;;;;;;;;;;;;;;;;;;;
1,97E+04;0,02003;1,97E+04;0,03412;1,97E+04;0,03238;;;;;;;;;;;;;;;;;;;;;;;;;;;;;;;;;;;
2,05E+04;0,01867;2,05E+04;0,03234;2,05E+04;0,0309;;;;;;;;;;;;;;;;;;;;;;;;;;;;;;;;;;;
2,13E+04;0,01728;2,13E+04;0,03163;2,13E+04;0,03026;;;;;;;;;;;;;;;;;;;;;;;;;;;;;;;;;;;
2,21E+04;0,01629;2,21E+04;0,03057;2,21E+04;0,02975;;;;;;;;;;;;;;;;;;;;;;;;;;;;;;;;;;;
2,29E+04;0,0158;2,29E+04;0,03017;2,29E+04;0,0293;;;;;;;;;;;;;;;;;;;;;;;;;;;;;;;;;;;
2,38E+04;0,01552;2,38E+04;0,02898;2,38E+04;0,02855;;;;;;;;;;;;;;;;;;;;;;;;;;;;;;;;;;;
2,46E+04;0,01468;2,46E+04;0,02835;2,46E+04;0,02822;;;;;;;;;;;;;;;;;;;;;;;;;;;;;;;;;;;
2,54E+04;0,0136;2,54E+04;0,02779;2,54E+04;0,02757;;;;;;;;;;;;;;;;;;;;;;;;;;;;;;;;;;;
2,62E+04;0,01262;2,62E+04;0,02766;2,62E+04;0,02725;;;;;;;;;;;;;;;;;;;;;;;;;;;;;;;;;;;
2,79E+04;0,01124;2,79E+04;0,02579;2,79E+04;0,02618;;;;;;;;;;;;;;;;;;;;;;;;;;;;;;;;;;;
2,95E+04;0,0105;2,95E+04;0,02384;2,95E+04;0,02524;;;;;;;;;;;;;;;;;;;;;;;;;;;;;;;;;;;
3,11E+04;0,009976;3,11E+04;0,02214;3,11E+04;0,02388;;;;;;;;;;;;;;;;;;;;;;;;;;;;;;;;;;;
3,28E+04;0,009167;3,28E+04;0,02121;3,28E+04;0,02216;;;;;;;;;;;;;;;;;;;;;;;;;;;;;;;;;;;
3,44E+04;0,008206;3,44E+04;0,02001;3,44E+04;0,02055;;;;;;;;;;;;;;;;;;;;;;;;;;;;;;;;;;;
3,60E+04;0,007137;3,60E+04;0,01864;3,60E+04;0,01921;;;;;;;;;;;;;;;;;;;;;;;;;;;;;;;;;;;
3,77E+04;0,006826;3,77E+04;0,01703;3,77E+04;0,0183;;;;;;;;;;;;;;;;;;;;;;;;;;;;;;;;;;;
3,93E+04;0,005885;3,93E+04;0,01655;3,93E+04;0,01772;;;;;;;;;;;;;;;;;;;;;;;;;;;;;;;;;;;
4,10E+04;0,005245;4,10E+04;0,01586;4,10E+04;0,01723;;;;;;;;;;;;;;;;;;;;;;;;;;;;;;;;;;;
4,26E+04;0,004316;4,26E+04;0,0152;4,26E+04;0,01657;;;;;;;;;;;;;;;;;;;;;;;;;;;;;;;;;;;
4,42E+04;0,003973;4,42E+04;0,01402;4,42E+04;0,0158;;;;;;;;;;;;;;;;;;;;;;;;;;;;;;;;;;;
4,59E+04;0,003754;4,59E+04;0,01286;4,59E+04;0,01483;;;;;;;;;;;;;;;;;;;;;;;;;;;;;;;;;;;
4,75E+04;0,003965;4,75E+04;0,01214;4,75E+04;0,01367;;;;;;;;;;;;;;;;;;;;;;;;;;;;;;;;;;;
4,92E+04;0,004035;4,92E+04;0,01122;4,92E+04;0,01242;;;;;;;;;;;;;;;;;;;;;;;;;;;;;;;;;;;
5,08E+04;0,003658;5,08E+04;0,01083;5,08E+04;0,01143;;;;;;;;;;;;;;;;;;;;;;;;;;;;;;;;;;;
5,24E+04;0,003165;5,24E+04;0,01029;5,24E+04;0,01064;;;;;;;;;;;;;;;;;;;;;;;;;;;;;;;;;;;
5,57E+04;0,002504;5,57E+04;0,009395;5,57E+04;0,008852;;;;;;;;;;;;;;;;;;;;;;;;;;;;;;;;;;;
5,90E+04;0,002156;5,90E+04;0,008126;5,90E+04;0,007241;;;;;;;;;;;;;;;;;;;;;;;;;;;;;;;;;;;
6,23E+04;0,0019;6,23E+04;0,006556;6,23E+04;0,006041;;;;;;;;;;;;;;;;;;;;;;;;;;;;;;;;;;;
6,55E+04;0,001959;6,55E+04;0,005386;6,55E+04;0,005156;;;;;;;;;;;;;;;;;;;;;;;;;;;;;;;;;;;
6,88E+04;0,002173;6,88E+04;0,004797;6,88E+04;0,004907;;;;;;;;;;;;;;;;;;;;;;;;;;;;;;;;;;;
7,21E+04;0,002157;7,21E+04;0,004581;7,21E+04;0,004414;;;;;;;;;;;;;;;;;;;;;;;;;;;;;;;;;;;
7,54E+04;0,002132;7,54E+04;0,004358;7,54E+04;0,004387;;;;;;;;;;;;;;;;;;;;;;;;;;;;;;;;;;;
7,86E+04;0,002219;7,86E+04;0,003748;7,86E+04;0,004173;;;;;;;;;;;;;;;;;;;;;;;;;;;;;;;;;;;
8,19E+04;0,002683;8,19E+04;0,003079;8,19E+04;0,004039;;;;;;;;;;;;;;;;;;;;;;;;;;;;;;;;;;;
8,52E+04;0,003029;8,52E+04;0,00267;8,52E+04;0,003957;;;;;;;;;;;;;;;;;;;;;;;;;;;;;;;;;;;
8,85E+04;0,003425;8,85E+04;0,002861;8,85E+04;0,003532;;;;;;;;;;;;;;;;;;;;;;;;;;;;;;;;;;;
9,18E+04;0,003435;9,18E+04;0,002743;9,18E+04;0,00332;;;;;;;;;;;;;;;;;;;;;;;;;;;;;;;;;;;
9,50E+04;0,003585;9,50E+04;0,002571;9,50E+04;0,003256;;;;;;;;;;;;;;;;;;;;;;;;;;;;;;;;;;;
9,83E+04;0,003454;9,83E+04;0,002026;9,83E+04;0,003501;;;;;;;;;;;;;;;;;;;;;;;;;;;;;;;;;;;
1,02E+05;0,004011;1,02E+05;0,002083;1,02E+05;0,003792;;;;;;;;;;;;;;;;;;;;;;;;;;;;;;;;;;;
1,05E+05;0,004033;1,05E+05;0,001974;1,05E+05;0,003942;;;;;;;;;;;;;;;;;;;;;;;;;;;;;;;;;;;
1,11E+05;0,003932;1,11E+05;0,002077;1,11E+05;0,004204;;;;;;;;;;;;;;;;;;;;;;;;;;;;;;;;;;;
1,18E+05;0,00335;1,18E+05;0,00189;1,18E+05;0,004566;;;;;;;;;;;;;;;;;;;;;;;;;;;;;;;;;;;
1,25E+05;0,003065;1,25E+05;0,001906;1,25E+05;0,004996;;;;;;;;;;;;;;;;;;;;;;;;;;;;;;;;;;;
1,31E+05;0,002869;1,31E+05;0,002105;1,31E+05;0,005244;;;;;;;;;;;;;;;;;;;;;;;;;;;;;;;;;;;
1,38E+05;0,002923;1,38E+05;0,002425;1,38E+05;0,005407;;;;;;;;;;;;;;;;;;;;;;;;;;;;;;;;;;;
1,44E+05;0,002868;1,44E+05;0,002725;1,44E+05;0,00536;;;;;;;;;;;;;;;;;;;;;;;;;;;;;;;;;;;
1,51E+05;0,003054;1,51E+05;0,002711;1,51E+05;0,005158;;;;;;;;;;;;;;;;;;;;;;;;;;;;;;;;;;;
1,57E+05;0,002995;1,57E+05;0,002601;1,57E+05;0,004823;;;;;;;;;;;;;;;;;;;;;;;;;;;;;;;;;;;
1,64E+05;0,003151;1,64E+05;0,00276;1,64E+05;0,004309;;;;;;;;;;;;;;;;;;;;;;;;;;;;;;;;;;;
1,70E+05;0,003292;1,70E+05;0,00306;1,70E+05;0,003909;;;;;;;;;;;;;;;;;;;;;;;;;;;;;;;;;;;
1,77E+05;0,003546;1,77E+05;0,00354;1,77E+05;0,003562;;;;;;;;;;;;;;;;;;;;;;;;;;;;;;;;;;;
1,84E+05;0,00349;1,84E+05;0,003994;1,84E+05;0,003366;;;;;;;;;;;;;;;;;;;;;;;;;;;;;;;;;;;
1,90E+05;0,00345;1,90E+05;0,004491;1,90E+05;0,002914;;;;;;;;;;;;;;;;;;;;;;;;;;;;;;;;;;;
1,97E+05;0,003318;1,97E+05;0,004787;1,97E+05;0,002611;;;;;;;;;;;;;;;;;;;;;;;;;;;;;;;;;;;
2,03E+05;0,0032;2,03E+05;0,005077;2,03E+05;0,002329;;;;;;;;;;;;;;;;;;;;;;;;;;;;;;;;;;;
2,10E+05;0,003109;2,10E+05;0,005182;2,10E+05;0,002368;;;;;;;;;;;;;;;;;;;;;;;;;;;;;;;;;;;
2,23E+05;0,002927;2,23E+05;0,005381;2,23E+05;0,002587;;;;;;;;;;;;;;;;;;;;;;;;;;;;;;;;;;;
2,36E+05;0,003012;2,36E+05;0,005019;2,36E+05;0,002846;;;;;;;;;;;;;;;;;;;;;;;;;;;;;;;;;;;
2,49E+05;0,003069;2,49E+05;0,00447;2,49E+05;0,003206;;;;;;;;;;;;;;;;;;;;;;;;;;;;;;;;;;;
2,62E+05;0,003085;2,62E+05;0,004039;2,62E+05;0,003742;;;;;;;;;;;;;;;;;;;;;;;;;;;;;;;;;;;
2,75E+05;0,003106;2,75E+05;0,004009;2,75E+05;0,004418;;;;;;;;;;;;;;;;;;;;;;;;;;;;;;;;;;;
2,88E+05;0,003327;2,88E+05;0,00416;2,88E+05;0,005202;;;;;;;;;;;;;;;;;;;;;;;;;;;;;;;;;;;
3,02E+05;0,003872;3,02E+05;0,004335;3,02E+05;0,005718;;;;;;;;;;;;;;;;;;;;;;;;;;;;;;;;;;;
3,15E+05;0,004387;3,15E+05;0,004935;3,15E+05;0,006019;;;;;;;;;;;;;;;;;;;;;;;;;;;;;;;;;;;
3,28E+05;0,004575;3,28E+05;0,004885;3,28E+05;0,005891;;;;;;;;;;;;;;;;;;;;;;;;;;;;;;;;;;;
3,41E+05;0,004471;3,41E+05;0,004903;3,41E+05;0,005703;;;;;;;;;;;;;;;;;;;;;;;;;;;;;;;;;;;
3,54E+05;0,004494;3,54E+05;0,004289;3,54E+05;0,005671;;;;;;;;;;;;;;;;;;;;;;;;;;;;;;;;;;;
3,67E+05;0,004399;3,67E+05;0,004224;3,67E+05;0,005874;;;;;;;;;;;;;;;;;;;;;;;;;;;;;;;;;;;
3,80E+05;0,004297;3,80E+05;0,004044;3,80E+05;0,006039;;;;;;;;;;;;;;;;;;;;;;;;;;;;;;;;;;;
3,93E+05;0,004142;3,93E+05;0,003962;3,93E+05;0,005989;;;;;;;;;;;;;;;;;;;;;;;;;;;;;;;;;;;
4,06E+05;0,004449;4,06E+05;0,004083;4,06E+05;0,005749;;;;;;;;;;;;;;;;;;;;;;;;;;;;;;;;;;;
4,19E+05;0,00468;4,19E+05;0,004604;4,19E+05;0,00552;;;;;;;;;;;;;;;;;;;;;;;;;;;;;;;;;;;
4,46E+05;0,004488;4,46E+05;0,005956;4,46E+05;0,005274;;;;;;;;;;;;;;;;;;;;;;;;;;;;;;;;;;;
4,72E+05;0,003763;4,72E+05;0,006783;4,72E+05;0,005216;;;;;;;;;;;;;;;;;;;;;;;;;;;;;;;;;;;
4,98E+05;0,003578;4,98E+05;0,00683;4,98E+05;0,005266;;;;;;;;;;;;;;;;;;;;;;;;;;;;;;;;;;;
5,24E+05;0,003994;5,24E+05;0,0069;5,24E+05;0,005535;;;;;;;;;;;;;;;;;;;;;;;;;;;;;;;;;;;
5,51E+05;0,00477;5,51E+05;0,007078;5,51E+05;0,00565;;;;;;;;;;;;;;;;;;;;;;;;;;;;;;;;;;;
5,77E+05;0,004853;5,77E+05;0,007672;5,77E+05;0,005636;;;;;;;;;;;;;;;;;;;;;;;;;;;;;;;;;;;
6,03E+05;0,00466;6,03E+05;0,008011;6,03E+05;0,005556;;;;;;;;;;;;;;;;;;;;;;;;;;;;;;;;;;;
6,29E+05;0,004376;6,29E+05;0,008801;6,29E+05;0,005841;;;;;;;;;;;;;;;;;;;;;;;;;;;;;;;;;;;
6,55E+05;0,004584;6,55E+05;0,009143;6,55E+05;0,006435;;;;;;;;;;;;;;;;;;;;;;;;;;;;;;;;;;;
6,82E+05;0,005066;6,82E+05;0,009505;6,82E+05;0,006817;;;;;;;;;;;;;;;;;;;;;;;;;;;;;;;;;;;
7,08E+05;0,005683;7,08E+05;0,009656;7,08E+05;0,006944;;;;;;;;;;;;;;;;;;;;;;;;;;;;;;;;;;;
7,34E+05;0,006126;7,34E+05;0,009896;7,34E+05;0,007152;;;;;;;;;;;;;;;;;;;;;;;;;;;;;;;;;;;
7,60E+05;0,006086;7,60E+05;0,01028;7,60E+05;0,007618;;;;;;;;;;;;;;;;;;;;;;;;;;;;;;;;;;;
7,86E+05;0,005802;7,86E+05;0,01032;7,86E+05;0,008088;;;;;;;;;;;;;;;;;;;;;;;;;;;;;;;;;;;
8,13E+05;0,005649;8,13E+05;0,01019;8,13E+05;0,008106;;;;;;;;;;;;;;;;;;;;;;;;;;;;;;;;;;;
8,39E+05;0,005622;8,39E+05;0,01002;8,39E+05;0,007844;;;;;;;;;;;;;;;;;;;;;;;;;;;;;;;;;;;
8,91E+05;0,005131;8,91E+05;0,009767;8,91E+05;0,007337;;;;;;;;;;;;;;;;;;;;;;;;;;;;;;;;;;;
9,44E+05;0,005174;9,44E+05;0,01004;9,44E+05;0,007688;;;;;;;;;;;;;;;;;;;;;;;;;;;;;;;;;;;
9,96E+05;0,005438;9,96E+05;0,009164;9,96E+05;0,008615;;;;;;;;;;;;;;;;;;;;;;;;;;;;;;;;;;;
1,05E+06;0,006373;1,05E+06;0,007974;1,05E+06;0,009513;;;;;;;;;;;;;;;;;;;;;;;;;;;;;;;;;;;
1,10E+06;0,006955;1,10E+06;0,006354;1,10E+06;0,009136;;;;;;;;;;;;;;;;;;;;;;;;;;;;;;;;;;;
1,15E+06;0,007058;1,15E+06;0,00589;1,15E+06;0,008548;;;;;;;;;;;;;;;;;;;;;;;;;;;;;;;;;;;
1,21E+06;0,00667;1,21E+06;0,006053;1,21E+06;0,007427;;;;;;;;;;;;;;;;;;;;;;;;;;;;;;;;;;;
1,26E+06;0,006324;1,26E+06;0,005678;1,26E+06;0,006691;;;;;;;;;;;;;;;;;;;;;;;;;;;;;;;;;;;
1,31E+06;0,005896;1,31E+06;0,005186;1,31E+06;0,006001;;;;;;;;;;;;;;;;;;;;;;;;;;;;;;;;;;;
1,36E+06;0,005435;1,36E+06;0,004222;1,36E+06;0,005401;;;;;;;;;;;;;;;;;;;;;;;;;;;;;;;;;;;
1,42E+06;0,004714;1,42E+06;0,004564;1,42E+06;0,004804;;;;;;;;;;;;;;;;;;;;;;;;;;;;;;;;;;;
1,47E+06;0,003965;1,47E+06;0,004711;1,47E+06;0,003851;;;;;;;;;;;;;;;;;;;;;;;;;;;;;;;;;;;
1,52E+06;0,00359;1,52E+06;0,004899;1,52E+06;0,003175;;;;;;;;;;;;;;;;;;;;;;;;;;;;;;;;;;;
1,57E+06;0,003213;1,57E+06;0,004241;1,57E+06;0,002682;;;;;;;;;;;;;;;;;;;;;;;;;;;;;;;;;;;
1,63E+06;0,002179;1,63E+06;0,002582;1,63E+06;0,001672;;;;;;;;;;;;;;;;;;;;;;;;;;;;;;;;;;;
1,68E+06;0,001426;1,68E+06;0,001514;1,68E+06;0,0009743;;;;;;;;;;;;;;;;;;;;;;;;;;;;;;;;;;;
1,78E+06;0;1,78E+06;0;1,78E+06;0;;;;;;;;;;;;;;;;;;;;;;;;;;;;;;;;;;;
1,89E+06;0;1,89E+06;0;1,89E+06;0;;;;;;;;;;;;;;;;;;;;;;;;;;;;;;;;;;;
1,99E+06;0;1,99E+06;0;1,99E+06;0;;;;;;;;;;;;;;;;;;;;;;;;;;;;;;;;;;;
2,10E+06;0;2,10E+06;0;2,10E+06;0;;;;;;;;;;;;;;;;;;;;;;;;;;;;;;;;;;;
2,20E+06;0;2,20E+06;0;2,20E+06;0;;;;;;;;;;;;;;;;;;;;;;;;;;;;;;;;;;;
2,31E+06;0;2,31E+06;0;2,31E+06;0;;;;;;;;;;;;;;;;;;;;;;;;;;;;;;;;;;;
2,41E+06;0;2,41E+06;0;2,41E+06;0;;;;;;;;;;;;;;;;;;;;;;;;;;;;;;;;;;;
2,52E+06;0;2,52E+06;0;2,52E+06;0;;;;;;;;;;;;;;;;;;;;;;;;;;;;;;;;;;;
2,62E+06;0;2,62E+06;0;2,62E+06;0;;;;;;;;;;;;;;;;;;;;;;;;;;;;;;;;;;;
2,73E+06;0;2,73E+06;0;2,73E+06;0;;;;;;;;;;;;;;;;;;;;;;;;;;;;;;;;;;;
2,83E+06;0;2,83E+06;0;2,83E+06;0;;;;;;;;;;;;;;;;;;;;;;;;;;;;;;;;;;;
2,94E+06;0;2,94E+06;0;2,94E+06;0;;;;;;;;;;;;;;;;;;;;;;;;;;;;;;;;;;;
3,04E+06;0;3,04E+06;0;3,04E+06;0;;;;;;;;;;;;;;;;;;;;;;;;;;;;;;;;;;;
3,15E+06;0;3,15E+06;0;3,15E+06;0;;;;;;;;;;;;;;;;;;;;;;;;;;;;;;;;;;;
3,25E+06;0;3,25E+06;0;3,25E+06;0;;;;;;;;;;;;;;;;;;;;;;;;;;;;;;;;;;;
3,36E+06;0;3,36E+06;0;3,36E+06;0;;;;;;;;;;;;;;;;;;;;;;;;;;;;;;;;;;;
3,57E+06;0;3,57E+06;0;3,57E+06;0;;;;;;;;;;;;;;;;;;;;;;;;;;;;;;;;;;;
3,78E+06;0;3,78E+06;0;3,78E+06;0;;;;;;;;;;;;;;;;;;;;;;;;;;;;;;;;;;;
3,99E+06;0;3,99E+06;0;3,99E+06;0;;;;;;;;;;;;;;;;;;;;;;;;;;;;;;;;;;;
4,19E+06;0;4,19E+06;0;4,19E+06;0;;;;;;;;;;;;;;;;;;;;;;;;;;;;;;;;;;;
4,40E+06;0;4,40E+06;0;4,40E+06;0;;;;;;;;;;;;;;;;;;;;;;;;;;;;;;;;;;;
4,61E+06;0;4,61E+06;0;4,61E+06;0;;;;;;;;;;;;;;;;;;;;;;;;;;;;;;;;;;;
4,82E+06;0;4,82E+06;0;4,82E+06;0;;;;;;;;;;;;;;;;;;;;;;;;;;;;;;;;;;;
5,03E+06;0;5,03E+06;0;5,03E+06;0;;;;;;;;;;;;;;;;;;;;;;;;;;;;;;;;;;;
5,24E+06;0;5,24E+06;0;5,24E+06;0;;;;;;;;;;;;;;;;;;;;;;;;;;;;;;;;;;;
5,45E+06;0;5,45E+06;0;5,45E+06;0;;;;;;;;;;;;;;;;;;;;;;;;;;;;;;;;;;;
5,66E+06;0;5,66E+06;0;5,66E+06;0;;;;;;;;;;;;;;;;;;;;;;;;;;;;;;;;;;;
5,87E+06;0;5,87E+06;0;5,87E+06;0;;;;;;;;;;;;;;;;;;;;;;;;;;;;;;;;;;;
6,08E+06;0;6,08E+06;0;6,08E+06;0;;;;;;;;;;;;;;;;;;;;;;;;;;;;;;;;;;;
6,29E+06;0;6,29E+06;0;6,29E+06;0;;;;;;;;;;;;;;;;;;;;;;;;;;;;;;;;;;;
6,50E+06;0;6,50E+06;0;6,50E+06;0;;;;;;;;;;;;;;;;;;;;;;;;;;;;;;;;;;;
6,71E+06;0;6,71E+06;0;6,71E+06;0;;;;;;;;;;;;;;;;;;;;;;;;;;;;;;;;;;;
7,13E+06;0;7,13E+06;0;7,13E+06;0;;;;;;;;;;;;;;;;;;;;;;;;;;;;;;;;;;;
7,55E+06;0;7,55E+06;0;7,55E+06;0;;;;;;;;;;;;;;;;;;;;;;;;;;;;;;;;;;;
7,97E+06;0;7,97E+06;0;7,97E+06;0;;;;;;;;;;;;;;;;;;;;;;;;;;;;;;;;;;;
8,39E+06;0;8,39E+06;0;8,39E+06;0;;;;;;;;;;;;;;;;;;;;;;;;;;;;;;;;;;;
8,81E+06;0;8,81E+06;0;8,81E+06;0;;;;;;;;;;;;;;;;;;;;;;;;;;;;;;;;;;;
9,23E+06;0;9,23E+06;0;9,23E+06;0;;;;;;;;;;;;;;;;;;;;;;;;;;;;;;;;;;;
9,65E+06;0;9,65E+06;0;9,65E+06;0;;;;;;;;;;;;;;;;;;;;;;;;;;;;;;;;;;;
1,01E+07;0;1,01E+07;0;1,01E+07;0;;;;;;;;;;;;;;;;;;;;;;;;;;;;;;;;;;;
1,05E+07;0;1,05E+07;0;1,05E+07;0;;;;;;;;;;;;;;;;;;;;;;;;;;;;;;;;;;;
1,09E+07;0;1,09E+07;0;1,09E+07;0;;;;;;;;;;;;;;;;;;;;;;;;;;;;;;;;;;;
1,13E+07;0;1,13E+07;0;1,13E+07;0;;;;;;;;;;;;;;;;;;;;;;;;;;;;;;;;;;;
1,17E+07;0;1,17E+07;0;1,17E+07;0;;;;;;;;;;;;;;;;;;;;;;;;;;;;;;;;;;;
1,22E+07;0;1,22E+07;0;1,22E+07;0;;;;;;;;;;;;;;;;;;;;;;;;;;;;;;;;;;;
1,26E+07;0;1,26E+07;0;1,26E+07;0;;;;;;;;;;;;;;;;;;;;;;;;;;;;;;;;;;;
1,30E+07;0;1,30E+07;0;1,30E+07;0;;;;;;;;;;;;;;;;;;;;;;;;;;;;;;;;;;;
1,34E+07;0;1,34E+07;0;1,34E+07;0;;;;;;;;;;;;;;;;;;;;;;;;;;;;;;;;;;;
1,43E+07;0;1,43E+07;0;1,43E+07;0;;;;;;;;;;;;;;;;;;;;;;;;;;;;;;;;;;;
1,51E+07;0;1,51E+07;0;1,51E+07;0;;;;;;;;;;;;;;;;;;;;;;;;;;;;;;;;;;;
1,59E+07;0;1,59E+07;0;1,59E+07;0;;;;;;;;;;;;;;;;;;;;;;;;;;;;;;;;;;;
1,68E+07;0;1,68E+07;0;1,68E+07;0;;;;;;;;;;;;;;;;;;;;;;;;;;;;;;;;;;;
1,76E+07;0;1,76E+07;0;1,76E+07;0;;;;;;;;;;;;;;;;;;;;;;;;;;;;;;;;;;;
1,85E+07;0;1,85E+07;0;1,85E+07;0;;;;;;;;;;;;;;;;;;;;;;;;;;;;;;;;;;;
1,93E+07;0;1,93E+07;0;1,93E+07;0;;;;;;;;;;;;;;;;;;;;;;;;;;;;;;;;;;;
2,01E+07;0;2,01E+07;0;2,01E+07;0;;;;;;;;;;;;;;;;;;;;;;;;;;;;;;;;;;;
2,10E+07;0;2,10E+07;0;2,10E+07;0;;;;;;;;;;;;;;;;;;;;;;;;;;;;;;;;;;;
2,18E+07;0;2,18E+07;0;2,18E+07;0;;;;;;;;;;;;;;;;;;;;;;;;;;;;;;;;;;;
2,27E+07;0;2,27E+07;0;2,27E+07;0;;;;;;;;;;;;;;;;;;;;;;;;;;;;;;;;;;;
2,35E+07;0;2,35E+07;0;2,35E+07;0;;;;;;;;;;;;;;;;;;;;;;;;;;;;;;;;;;;
2,43E+07;0;2,43E+07;0;2,43E+07;0;;;;;;;;;;;;;;;;;;;;;;;;;;;;;;;;;;;
2,52E+07;0;2,52E+07;0;2,52E+07;0;;;;;;;;;;;;;;;;;;;;;;;;;;;;;;;;;;;
2,60E+07;0;2,60E+07;0;2,60E+07;0;;;;;;;;;;;;;;;;;;;;;;;;;;;;;;;;;;;
2,68E+07;0;2,68E+07;0;2,68E+07;0;;;;;;;;;;;;;;;;;;;;;;;;;;;;;;;;;;;
2,85E+07;0;2,85E+07;0;2,85E+07;0;;;;;;;;;;;;;;;;;;;;;;;;;;;;;;;;;;;
3,02E+07;0;3,02E+07;0;3,02E+07;0;;;;;;;;;;;;;;;;;;;;;;;;;;;;;;;;;;;
3,19E+07;0;3,19E+07;0;3,19E+07;0;;;;;;;;;;;;;;;;;;;;;;;;;;;;;;;;;;;
3,36E+07;0;3,36E+07;0;3,36E+07;0;;;;;;;;;;;;;;;;;;;;;;;;;;;;;;;;;;;
3,52E+07;0;3,52E+07;0;3,52E+07;0;;;;;;;;;;;;;;;;;;;;;;;;;;;;;;;;;;;
3,69E+07;0;3,69E+07;0;3,69E+07;0;;;;;;;;;;;;;;;;;;;;;;;;;;;;;;;;;;;
3,86E+07;0;3,86E+07;0;3,86E+07;0;;;;;;;;;;;;;;;;;;;;;;;;;;;;;;;;;;;
4,03E+07;0;4,03E+07;0;4,03E+07;0;;;;;;;;;;;;;;;;;;;;;;;;;;;;;;;;;;;
4,19E+07;0;4,19E+07;0;4,19E+07;0;;;;;;;;;;;;;;;;;;;;;;;;;;;;;;;;;;;
4,36E+07;0;4,36E+07;0;4,36E+07;0;;;;;;;;;;;;;;;;;;;;;;;;;;;;;;;;;;;
4,53E+07;0;4,53E+07;0;4,53E+07;0;;;;;;;;;;;;;;;;;;;;;;;;;;;;;;;;;;;
4,70E+07;0;4,70E+07;0;4,70E+07;0;;;;;;;;;;;;;;;;;;;;;;;;;;;;;;;;;;;
4,87E+07;0;4,87E+07;0;4,87E+07;0;;;;;;;;;;;;;;;;;;;;;;;;;;;;;;;;;;;
5,03E+07;0;5,03E+07;0;5,03E+07;0;;;;;;;;;;;;;;;;;;;;;;;;;;;;;;;;;;;
5,20E+07;0;5,20E+07;0;5,20E+07;0;;;;;;;;;;;;;;;;;;;;;;;;;;;;;;;;;;;
5,37E+07;0;5,37E+07;0;5,37E+07;0;;;;;;;;;;;;;;;;;;;;;;;;;;;;;;;;;;;
5,70E+07;0;5,70E+07;0;5,70E+07;0;;;;;;;;;;;;;;;;;;;;;;;;;;;;;;;;;;;
6,04E+07;0;6,04E+07;0;6,04E+07;0;;;;;;;;;;;;;;;;;;;;;;;;;;;;;;;;;;;
6,38E+07;0;6,38E+07;0;6,38E+07;0;;;;;;;;;;;;;;;;;;;;;;;;;;;;;;;;;;;
6,71E+07;0;6,71E+07;0;6,71E+07;0;;;;;;;;;;;;;;;;;;;;;;;;;;;;;;;;;;;
7,05E+07;0;7,05E+07;0;7,05E+07;0;;;;;;;;;;;;;;;;;;;;;;;;;;;;;;;;;;;
7,38E+07;0;7,38E+07;0;7,38E+07;0;;;;;;;;;;;;;;;;;;;;;;;;;;;;;;;;;;;
7,72E+07;0;7,72E+07;0;7,72E+07;0;;;;;;;;;;;;;;;;;;;;;;;;;;;;;;;;;;;
8,05E+07;0;8,05E+07;0;8,05E+07;0;;;;;;;;;;;;;;;;;;;;;;;;;;;;;;;;;;;
8,39E+07;0;8,39E+07;0;8,39E+07;0;;;;;;;;;;;;;;;;;;;;;;;;;;;;;;;;;;;
8,72E+07;0;8,72E+07;0;8,72E+07;0;;;;;;;;;;;;;;;;;;;;;;;;;;;;;;;;;;;
9,06E+07;0;9,06E+07;0;9,06E+07;0;;;;;;;;;;;;;;;;;;;;;;;;;;;;;;;;;;;
9,40E+07;0;9,40E+07;0;9,40E+07;0;;;;;;;;;;;;;;;;;;;;;;;;;;;;;;;;;;;
9,73E+07;0;9,73E+07;0;9,73E+07;0;;;;;;;;;;;;;;;;;;;;;;;;;;;;;;;;;;;
1,01E+08;0;1,01E+08;0;1,01E+08;0;;;;;;;;;;;;;;;;;;;;;;;;;;;;;;;;;;;
1,04E+08;0;1,04E+08;0;1,04E+08;0;;;;;;;;;;;;;;;;;;;;;;;;;;;;;;;;;;;
1,07E+08;0;1,07E+08;0;1,07E+08;0;;;;;;;;;;;;;;;;;;;;;;;;;;;;;;;;;;;
1,14E+08;0;1,14E+08;0;1,14E+08;0;;;;;;;;;;;;;;;;;;;;;;;;;;;;;;;;;;;
1,21E+08;0;1,21E+08;0;1,21E+08;0;;;;;;;;;;;;;;;;;;;;;;;;;;;;;;;;;;;
1,28E+08;0;1,28E+08;0;1,28E+08;0;;;;;;;;;;;;;;;;;;;;;;;;;;;;;;;;;;;
1,34E+08;0;1,34E+08;0;1,34E+08;0;;;;;;;;;;;;;;;;;;;;;;;;;;;;;;;;;;;
1,41E+08;0;1,41E+08;0;1,41E+08;0;;;;;;;;;;;;;;;;;;;;;;;;;;;;;;;;;;;
1,48E+08;0;1,48E+08;0;1,48E+08;0;;;;;;;;;;;;;;;;;;;;;;;;;;;;;;;;;;;
1,54E+08;0;1,54E+08;0;1,54E+08;0;;;;;;;;;;;;;;;;;;;;;;;;;;;;;;;;;;;
1,61E+08;0;1,61E+08;0;1,61E+08;0;;;;;;;;;;;;;;;;;;;;;;;;;;;;;;;;;;;
1,68E+08;0;1,68E+08;0;1,68E+08;0;;;;;;;;;;;;;;;;;;;;;;;;;;;;;;;;;;;
1,75E+08;0;1,75E+08;0;1,75E+08;0;;;;;;;;;;;;;;;;;;;;;;;;;;;;;;;;;;;
1,81E+08;0;1,81E+08;0;1,81E+08;0;;;;;;;;;;;;;;;;;;;;;;;;;;;;;;;;;;;
1,88E+08;0;1,88E+08;0;1,88E+08;0;;;;;;;;;;;;;;;;;;;;;;;;;;;;;;;;;;;
1,95E+08;0;1,95E+08;0;1,95E+08;0;;;;;;;;;;;;;;;;;;;;;;;;;;;;;;;;;;;
2,01E+08;0;2,01E+08;0;2,01E+08;0;;;;;;;;;;;;;;;;;;;;;;;;;;;;;;;;;;;
2,08E+08;0;2,08E+08;0;2,08E+08;0;;;;;;;;;;;;;;;;;;;;;;;;;;;;;;;;;;;
2,15E+08;0;2,15E+08;0;2,15E+08;0;;;;;;;;;;;;;;;;;;;;;;;;;;;;;;;;;;;
